Price,Close,High,Low,Open,Volume,Daily_Return
2020-01-02,72.33387756347656,72.39408555090253,71.0911838210517,71.34405442839761,135480400,
2020-01-03,71.6306381225586,72.38925722098051,71.40666619485818,71.56320547713457,146322800,-0.00972213110379494
2020-01-06,72.201416015625,72.23995000976231,70.50355369984423,70.75402098693286,118387200,0.007968348572992223
2020-01-07,71.86184692382812,72.46633010238772,71.64268897397623,72.21104883104543,108872000,-0.004703080777853308
2020-01-08,73.01782989501953,73.31886979288494,71.56561372170107,71.56561372170107,132079200,0.016086185099260186
2020-01-09,74.56877899169922,74.76144156312063,73.74272737606113,73.99318724898775,170108400,0.02124069010143881
2020-01-10,74.73737335205078,75.30092656417412,74.23644614635045,74.8024026801614,140644800,0.0022609242451232525
2020-01-13,76.3341064453125,76.36060178633993,74.93487315391599,75.05288582822318,121532000,0.02136458670737995
2020-01-14,75.3033218383789,76.48099343710987,75.18050255877637,76.27147084582813,161954400,-0.013503591709324247
2020-01-15,74.98062133789062,75.98248317068368,74.54953007278792,75.10344798902688,121923600,-0.004285342168316109
2020-01-16,75.91985321044922,76.03064118697364,75.16123412136378,75.52248200660513,108829200,0.012526328213873672
2020-01-17,76.76036071777344,76.7627640392473,75.86205500785368,76.16790890123319,137816400,0.011070984357600677
2020-01-21,76.24015808105469,76.83019183971173,76.1028821310267,76.38947268651397,110843200,-0.006776969673597422
2020-01-22,76.5123062133789,77.06380603496487,76.4183782339569,76.72423213565071,101832400,0.0035696165796885726
2020-01-23,76.88077545166016,76.96024675038308,76.01859307367198,76.56528622859716,104472000,0.004815816651162708
2020-01-24,76.65921783447266,77.86819158420508,76.46895853504518,77.1264324079885,146537600,-0.0028818337989684473
2020-01-27,74.40503692626953,75.08417746726008,73.42484908589569,74.67235687385795,161940000,-0.029405216644272203
2020-01-28,76.50989532470703,76.68088393464757,75.18531972883665,75.28406170066347,162234000,0.02828919230996796
2020-01-29,78.11144256591797,78.95676515736241,77.39858197163568,78.13793790519387,216229200,0.020932550416047357
2020-01-30,77.99823760986328,78.05122092954578,76.76517927864235,77.19627050016777,126743200,-0.0014492749376527891
2020-01-31,74.53987884521484,77.71163064497078,74.24606365244907,77.29017484753824,199588400,-0.04433893470704664
2020-02-03,74.3351821899414,75.49839714349714,72.78422401879573,73.2851511845041,173788400,-0.002746136141413613
2020-02-04,76.78926849365234,76.97952779146334,75.53212542449515,75.93672133535755,136616400,0.03301379281536243
2020-02-05,77.4154281616211,78.21258127557842,76.81334832632962,77.91394467954083,118826800,0.008154260097171129
2020-02-06,78.32095336914062,78.3233640404218,77.12883967256218,77.68516086755363,105425600,0.011696960528708278
2020-02-07,77.2563705444336,78.06989925267796,76.76632167871378,77.82125391424971,117684000,-0.01359256723663027
2020-02-10,77.623291015625,77.623291015625,75.7644885208781,75.8441484328751,109348800,0.004749387896501922
2020-02-11,77.15498352050781,78.19060679185898,76.93772180330761,78.11818867514276,94323200,-0.006033079620689108
2020-02-12,78.98724365234375,78.99206907115294,77.60399867366895,77.60399867366895,113730400,0.023747787222959227
2020-02-13,78.42472839355469,78.75062448611214,78.05779784487349,78.26057583496424,94747600,-0.0071215962575543745
2020-02-14,78.4440689086914,78.69271421468866,77.93712009409066,78.3933688702963,80113600,0.0002466124592699348
2020-02-18,77.0077133178711,77.1887659353896,75.94794846047884,76.12900107799734,152531200,-0.01831056969383149
2020-02-19,78.12299346923828,78.3523297233802,77.24911404532844,77.24911404532844,93984000,0.014482707034340292
2020-02-20,77.32152557373047,78.37163210197758,76.81699322453267,77.88399976313329,100566000,-0.01025905255183801
2020-02-21,75.57135009765625,77.35774159273006,74.95577422235982,76.91596913601705,129554000,-0.022635035497396205
2020-02-24,71.98169708251953,73.43011814732492,69.8211400810818,71.75960997813098,222195200,-0.047500183740240565
2020-02-25,69.54352569580078,73.03180965186876,69.07279323243056,72.6503953158895,230673600,-0.033872102013983385
2020-02-26,70.646728515625,71.90927139616765,69.16209855410392,69.16934036398257,198054800,0.015863487057729664
2020-02-27,66.02867889404297,69.04139705399142,65.8934935311334,67.85852144500781,320605600,-0.0653682020188755
2020-02-28,65.99006652832031,67.20915879544067,61.88862284247871,62.10347552395671,426510000,-0.0005847817398348942
2020-03-02,72.1337661743164,72.76865844299596,67.04256816593558,68.14336733709636,341397200,0.09310037054379183
2020-03-03,69.84285736083984,73.38665871766685,68.99311238709194,73.3069988099028,319475600,-0.031759173754222325
2020-03-04,73.0824966430664,73.24182384454771,70.76261243598904,71.56165746891385,219178400,0.046384689925973666
2020-03-05,70.7119140625,72.31241302487865,70.34739243241086,71.33955724756618,187572800,-0.03243707713139976
2020-03-06,69.77285766601562,70.2049720207652,67.88991319528947,68.07579124975517,226176800,-0.013280030797276576
2020-03-09,64.2543716430664,67.13189718407227,63.489119320777824,63.670171942415024,286744800,-0.07909216001105712
2020-03-10,68.882080078125,69.14762542571471,65.0268655374001,66.90257561810807,285290000,0.07202168999123604
2020-03-11,66.4897689819336,67.88749740945617,65.62795665733853,66.96292517997638,255598800,-0.03473052923892661
2020-03-12,59.923587799072266,65.17894285229022,59.86806602728879,61.78481034349421,418474000,-0.09875476006910888
2020-03-13,67.10293579101562,67.57367559511492,61.06301877546382,63.94538103600016,370732000,0.11980838023277562
2020-03-16,58.4703483581543,62.542820889319664,57.93684495675963,58.40758108532822,322423600,-0.12864694116732134
2020-03-17,61.04128646850586,62.1879493594709,57.550590391518064,59.74977632698614,324056000,0.04396994686269928
2020-03-18,59.54700469970703,60.350878847985236,57.24160039100893,57.88132191691277,300233600,-0.024479853804683538
2020-03-19,59.09074783325195,61.036459434063396,58.566902685612334,59.72081110917334,271857200,-0.007662129585794597
2020-03-20,55.33933639526367,60.7926402539027,55.03999474688709,59.67011183513416,401693200,-0.06348559758584171
2020-03-23,54.16370391845703,55.16070158535809,51.32479999006741,55.05931255400759,336752800,-0.021244065313859806
2020-03-24,59.597694396972656,59.79323063321941,56.56083807077307,57.05812866753022,287531200,0.10032531170129078
2020-03-25,59.26939010620117,62.34245572079971,58.974877532799404,60.53192941719469,303602000,-0.005508674355499288
2020-03-26,62.38832473754883,62.44625922344338,59.472169846872056,59.51079529315195,252087200,0.05262302557456766
2020-03-27,59.8052978515625,61.767905586340525,59.63872886548187,61.01472792774082,204216800,-0.0414024081725618
2020-03-30,61.51203155517578,61.68342967850782,60.20603760216864,60.529521124828726,167976400,0.028538169107516387
2020-03-31,61.38648986816406,63.365997685508034,60.833677514674484,61.702731524008335,197002000,-0.002040928966865807
2020-04-01,58.156517028808594,60.041877740721404,57.726819101176545,59.50596168562525,176218400,-0.052616998402943094
2020-04-02,59.12697219848633,59.18008127638258,57.188501905851105,58.018930741836876,165934000,0.016686954777518803
2020-04-03,58.27722930908203,59.31284887197434,57.68820408379941,58.61278008138311,129880000,-0.014371493377874134
2020-04-06,63.36118698120117,63.515681414819454,60.20121554945302,60.568146275466354,201820400,0.08723746362675566
2020-04-07,62.6273078918457,65.58933353543772,62.52350615550967,65.3720644929947,202887200,-0.011582470662571454
2020-04-08,64.230224609375,64.54404618126709,63.06183266990903,63.42634690897305,168895200,0.02559453330322703
2020-04-09,64.69371032714844,65.19583364514321,63.899498254908295,64.86511208653789,161834800,0.00721600649214893
2020-04-13,65.96351623535156,66.07215077341053,64.17229875609489,64.77098217772529,131022800,0.019627965404702685
2020-04-14,69.29486083984375,69.58454794114515,67.12222968123038,67.59296937908287,194994800,0.0505028354250594
2020-04-15,68.66239929199219,69.12106449233013,67.7450688913163,68.17235045630129,131154400,-0.009127106111278982
2020-04-16,69.20796203613281,69.57248363661981,68.16027185080422,69.37453102131897,157125200,0.007945582294911935
2020-04-17,68.26891326904297,69.27074378183441,66.83497575491855,68.72516946310567,215250000,-0.013568507718802247
2020-04-20,66.85188293457031,67.99854979022932,66.83257389218826,67.09811926901436,130015200,-0.020756597206817107
2020-04-21,64.78545379638672,66.92911797835283,64.07572694243713,66.69495629705587,180991600,-0.030910559994339448
2020-04-22,66.65149688720703,67.08602016909022,65.71002486509416,66.05039726124157,116862400,0.028803427026768524
2020-04-23,66.39319610595703,68.01542772017612,66.35457066668404,66.59597413685326,124814400,-0.0038753935517324978
2020-04-24,68.3099594116211,68.3196176159111,66.8687799957314,66.91706365013007,126161200,0.028869875500572295
2020-04-27,68.35824584960938,68.68896753125865,67.58092613126625,68.02751680090847,117087600,0.0007068725908225826
2020-04-28,67.25017547607422,69.0003506347447,67.15844834573424,68.81929803212363,112004800,-0.016209754357549677
2020-04-29,69.45902252197266,69.92734583940624,68.53203408860236,68.73481211774124,137280800,0.032845223529331724
2020-04-30,70.92436981201172,71.10059707992315,69.60872470353117,69.99738093637826,183064000,0.0210965722930454
2020-05-01,69.78251647949219,72.17965163700352,69.00519685948858,69.1017567929507,240616800,-0.016099590811255227
2020-05-04,70.76985168457031,70.89779524622708,69.11865261133845,69.80665406694762,133568000,0.014148747492766178
2020-05-05,71.83203125,72.66245995311394,71.0836788601292,71.2285224464027,147751200,0.015008927391340965
2020-05-06,72.57312774658203,73.2031872790944,72.14825527383692,72.53208591439893,142333600,0.010317075595464686
2020-05-07,73.32389831542969,73.66911092684012,72.89661676334377,73.19837114485792,115215200,0.010345021527379483
2020-05-08,75.06912231445312,75.12237513838589,73.65551062741005,73.98228898395239,133838400,0.02380157137193817
2020-05-11,76.25038146972656,76.74417245398942,74.36959376483475,74.57776663572473,145946400,0.015735619637663012
2020-05-12,75.37895965576172,77.38319101183461,75.25793117438776,76.93296121988755,162301200,-0.0114284256310353
2020-05-13,74.46883392333984,76.47791143801962,73.39410026175051,75.55809041384309,200622400,-0.01207400230221023
2020-05-14,74.92631530761719,74.98682954910396,72.98743664654351,73.70876906438306,158929200,0.006143259672204415
2020-05-15,74.48335266113281,74.52934407916516,72.66792527667609,72.70181680027588,166348400,-0.005911976915797146
2020-05-18,76.23826599121094,76.61103581678174,75.11512542110488,75.80498930633232,135178400,0.023561148463096426
2020-05-19,75.79772186279297,77.09998213452099,75.76625327530091,76.25520568719914,101729600,-0.005778517161824648
2020-05-20,77.2718276977539,77.34201888089427,76.61584817289278,76.65457816375839,111504800,0.019447891028035347
2020-05-21,76.69575500488281,77.67366726497515,76.4585365069764,77.13387754437865,102688800,-0.007455145167840294
2020-05-22,77.1895523071289,77.27185079219365,76.33266854723075,76.43432834001963,81803200,0.006438391566973456
2020-05-26,76.66669464111328,78.48453717513182,76.61101888750217,78.30541740950063,125522000,-0.006773684396240931
2020-05-27,77.00076293945312,77.14599864366396,75.7856392344452,76.52391765293576,112945200,0.0043574109970914154
2020-05-28,77.03463745117188,78.29091382648822,76.4004493161322,76.67639044487011,133560800,0.000439924364715516
2020-05-29,76.95960235595703,77.73660324937043,76.60377827424547,77.27669643163954,153532400,-0.000974043595160734
2020-06-01,77.90605163574219,78.0270801430567,76.78290354210658,76.91361639836452,80791200,0.012298001169595452
2020-06-02,78.26670837402344,78.29091555107586,77.1992361328535,77.6397816394303,87642800,0.004629380269039141
2020-06-03,78.69757080078125,78.9589964979716,78.0149682866651,78.58622664893751,104491200,0.005505053626361667
2020-06-04,78.01980590820312,78.81859097042819,77.6470360985682,78.5208656190316,87560400,-0.00861227209025106
2020-06-05,80.24190521240234,80.30241946972693,78.24009623942295,78.26914190101967,137250400,0.028481220612285307
2020-06-08,80.71631622314453,80.75020774515244,79.23009024878114,79.93931540745123,95654400,0.00591226005272949
2020-06-09,83.26518249511719,83.6573136410901,80.36534445233356,80.39681304328083,147712400,0.03157807976427196
2020-06-10,85.40739440917969,85.8745626649843,83.77350959383725,84.2116321903992,166651600,0.025727583245111152
2020-06-11,81.30692291259766,84.9765069301838,81.20526313670851,84.55290729433239,201662400,-0.048010731681346175
2020-06-12,82.00889587402344,84.18740853476542,80.90027823694467,83.44187634114364,200146000,0.008633618593343995
2020-06-15,83.02310943603516,83.67424321088224,80.5032957450343,80.66547714891838,138808800,0.012367116411001078
2020-06-16,85.22342681884766,85.4945368687229,83.4418908130573,85.07335265810912,165428800,0.026502468984346272
2020-06-17,85.10482025146484,86.02705683600927,84.98379175074255,85.96654258564811,114406400,-0.001391713192135824
2020-06-18,85.13871002197266,85.55504835135272,84.53114459703605,85.06125001022909,96820400,0.00039821211545576496
2020-06-19,84.65216827392578,86.30783714893171,83.54596609025744,85.8430918789263,264476000,-0.005714694854095259
2020-06-22,86.8669662475586,87.00977894482239,84.99828651786723,85.0442779239172,135445200,0.026163511446817944
2020-06-23,88.72113037109375,90.13716495464834,87.68996543764521,88.10872660527849,212155600,0.02134487024965326
2020-06-24,87.15504455566406,89.26820486684538,86.78227469992099,88.35080675031271,192623200,-0.017651779332378048
2020-06-25,88.31205749511719,88.35078749388231,86.55230611311778,87.30994555491553,137522400,0.013275341035643207
2020-06-26,85.5986099243164,88.42825657527817,85.45095132716905,88.20798383985682,205256800,-0.03072567492780709
2020-06-29,87.57137298583984,87.6657787527797,85.02977472321102,85.50662726415537,130646000,0.023046671707259048
2020-06-30,88.30238342285156,88.58801627360432,87.14051287267962,87.15987418081895,140223200,0.008347595933318575
2020-07-01,88.13536834716797,88.9220535759505,88.08696138066959,88.37984827441205,110737200,-0.0018913994074635232
2020-07-02,88.13536834716797,89.67485466688348,88.02160865174983,89.04066652590694,114041600,0.0
2020-07-06,90.49299621582033,90.96016437699369,89.5296068531223,89.56107543992535,118655600,0.02675007676107488
2020-07-07,90.2122039794922,91.64759989931855,90.10085985246303,90.87059916943323,112424400,-0.0031029167788682033
2020-07-08,92.3132553100586,92.344723894615,91.1005476599512,91.1876920007991,117092000,0.023290100871984354
2020-07-09,92.71024322509766,93.2572869587544,91.66455533300416,93.20403412942578,125642800,0.004300443243017149
2020-07-10,92.87240600585938,92.93050469526396,91.69601281004776,92.30599364635842,90257200,0.0017491355336862746
2020-07-13,92.44397735595705,96.77921853086478,92.23096604261153,94.17468319640058,191649200,-0.004613088734616189
2020-07-14,93.97378540039062,94.16500509879575,90.89482027358295,91.82673375082925,170989200,0.016548487940355905
2020-07-15,94.62005615234376,96.09418202713559,93.42429428051739,95.84486367498508,153198000,0.006877138653078596
2020-07-16,93.45578002929688,94.31024088700049,92.85789898357274,93.49451003316076,110577600,-0.0123047498637322
2020-07-17,93.2669677734375,94.06091431617955,92.79495374103925,93.90600170117715,92186800,-0.0020203379159661194
2020-07-20,95.2324676513672,95.37044189094031,93.01038653957822,93.35411067179673,90318000,0.021073912070393996
2020-07-21,93.9181137084961,96.09662665534265,93.66879530005893,96.02158957813295,103433200,-0.013801531927984612
2020-07-22,94.18194580078124,94.86212529718233,93.53323489247579,93.62037185613211,89001600,0.0028091715417541963
2020-07-23,89.89513397216797,93.99315739757402,89.08666444146189,93.91569738113668,197004400,-0.045516280133784504
2020-07-24,89.67242431640625,90.01614846898383,86.31267234298356,88.09663844239333,185438800,-0.002477438387606945
2020-07-27,91.79767608642578,91.88965891007823,90.50993871626743,90.73262697532834,121214000,0.023700170774023643
2020-07-28,90.28968048095705,91.54595685387366,90.28483461346657,91.36925259131361,103625600,-0.016427383238427407
2020-07-29,92.0203857421875,92.20435141750036,90.73506372270917,90.77137079362801,90329200,0.019168361788537647
2020-07-30,93.13384246826172,93.23792519284922,90.78830982976133,91.19496376791191,158130000,0.012100109308319729
2020-07-31,102.88389587402344,103.03397001244983,97.62157236005555,99.61612680199143,374336800,0.10468861959694564
2020-08-03,105.476318359375,108.09053052398437,104.46452205826068,104.76224738585148,308151200,0.025197553643632187
2020-08-04,106.18070220947266,107.26995848073891,104.94378735797679,105.66511972582127,173071600,0.006678123213380571
2020-08-05,106.56559753417967,106.88511455690511,105.43761099297775,105.90236369757778,121776800,0.0036249084503858775
2020-08-06,110.28358459472656,110.77738293578851,106.30901285016994,106.8972095786005,202428800,0.0348891870038488
2020-08-07,107.77620697021484,110.26176460572711,106.98082882286342,109.80587577731004,198045600,-0.022735728383565967
2020-08-10,109.34271240234376,110.35876045671141,106.69710821737102,109.21903838608283,212403600,0.014534798321134579
2020-08-11,106.09085845947266,109.10504953060087,105.83138875527999,108.60794103965802,187902400,-0.02974001532818571
2020-08-12,109.61673736572266,109.8737798216829,106.98568204543375,107.17967383850515,165598000,0.03323452140409344
2020-08-13,111.55667114257812,112.55817011651827,110.50667052619417,110.99408465160128,210082000,0.017697423071288076
2020-08-14,111.45723724365234,111.5469586132698,109.65065854076958,111.38206488530741,165565200,-0.0008913308178467583
2020-08-17,111.16625213623048,112.60181637912858,110.54062239475888,112.57756555807367,119561600,-0.0026107331799886113
2020-08-18,112.09258270263672,112.51694618501556,110.58427334354063,110.91891544512356,105633600,0.008332839765714528
2020-08-19,112.23320770263672,113.64452094897047,112.13863913268811,112.49995190044544,145538000,0.0012545433124067085
2020-08-20,114.72361755371094,114.83758973633215,112.25745666606086,112.27443297843882,126907200,0.02218959880103033
2020-08-21,120.63563537597656,121.11819493819868,115.66936721789659,115.68148892938783,338054800,0.05153270048774172
2020-08-24,122.0784683227539,124.91807177754512,120.21612051624737,124.83319019483912,345937600,0.011960254880579502
2020-08-25,121.07696533203124,121.42130925505194,119.35768781992573,120.95329871627834,211495600,-0.00820376438599213
2020-08-26,122.7234878540039,123.17937664467517,121.32672345710665,122.39127306939878,163022400,0.013598974152163379
2020-08-27,121.25642395019533,123.65710756851145,120.11427449940825,123.32489273389695,155552400,-0.01195422269577151
2020-08-28,121.05997467041016,122.64587607239329,120.83687750115561,122.22878715620412,187630000,-0.0016201144103166198
2020-08-31,125.16539001464844,127.06654483126823,122.21667670793738,123.74923681098468,225702700,0.033912243542222775
2020-09-01,130.1510467529297,130.75244043183687,126.61064913629612,128.77368605712132,151948100,0.03983255065715663
2020-09-02,127.45452880859376,133.83695705739137,123.18665076532004,133.45866793446768,200119000,-0.02071837308734692
2020-09-03,117.25042724609376,124.97141760627962,116.88183987574337,123.09937532501802,257599600,-0.08006072171687306
2020-09-04,117.3280029296875,119.98572845730746,107.56036930998823,116.46472703859587,332607200,0.0006616238884222803
2020-09-08,109.43242645263672,115.41716207276087,109.29663073421304,110.52849400857393,231366600,-0.06729490215377187
2020-09-09,113.7973175048828,115.56266939432574,111.799173992742,113.7391214492864,176940500,0.03988663318303787
2020-09-10,110.0823211669922,116.88183937183103,109.12204920606632,116.74604363595516,182274400,-0.032645728557979314
2020-09-11,108.63701629638672,111.77003350464189,106.69706957680837,111.1298475350325,180860300,-0.013129309550195534
2020-09-14,111.8961410522461,112.44902563888213,109.413011315819,111.27535861813932,140150100,0.030000131326947788
2020-09-15,112.0707550048828,115.26196916143692,110.1987055878256,114.7769823425134,184642000,0.001560500219173644
2020-09-16,108.7631378173828,112.51693833812011,108.67584374495958,111.7700619173575,154679000,-0.02951365132996464
2020-09-17,107.0269012451172,108.83105303274593,105.44584667867372,106.42552224944927,178011000,-0.015963465261371934
2020-09-18,103.6319808959961,107.5506753180143,102.9045006607274,107.08509211161683,287104900,-0.031720252661953885
2020-09-21,106.7747039794922,106.88140167582651,100.0042844680874,101.40104892896447,195713800,0.03032580344720137
2020-09-22,108.45276641845705,109.47124185175878,105.88234181116601,109.29664627463028,183055400,0.015715917501275767
2020-09-23,103.90359497070312,108.74376210707231,103.56409822420848,108.26847702241763,150718700,-0.04194610795082232
2020-09-24,104.97056579589844,106.93961142539536,101.847248976567,102.01214274645399,167743300,0.010268853791788102
2020-09-25,108.90863800048828,109.0638373334494,104.43705897382922,105.17424100477153,149981400,0.037515966259026534
2020-09-28,111.50817108154295,111.85736219121794,109.39362820642745,111.55667272467461,137672400,0.023868933895243583
2020-09-29,110.66429901123048,111.84766814275456,110.1599159291002,111.11049343812664,99382200,-0.007567804781726473
2020-09-30,112.33264923095705,113.73911550361659,110.20841190929694,110.37330565840851,142675200,0.015075776331057389
2020-10-01,113.28321838378906,114.18529413378772,112.35204460964711,114.10769446919807,116120400,0.008462091469752853
2020-10-02,109.62643432617188,111.90587864952262,108.85045973551675,109.5003403977725,144712000,-0.03228001560856497
2020-10-05,113.00191497802734,113.14741248595817,110.14049605673375,110.48968711564349,106243800,0.030790754735417147
2020-10-06,109.76220703125,112.6333277612592,108.87952757625551,112.22593325878677,161498200,-0.028669495976305304
2020-10-07,111.62456512451172,112.08045390652613,110.70308575226879,111.1783781507114,96849000,0.01696720705271071
2020-10-08,111.51787567138672,112.90493833599005,111.14928093514196,112.75944080327828,83477200,-0.0009557882980865129
2020-10-09,113.45780181884766,113.48689983988513,111.4693531777682,111.81854423083884,100506900,0.017395651914831944
2020-10-12,120.66473388671876,121.42131221454332,115.69846570876324,116.45504403658781,240226800,0.06352081524880981
2020-10-13,117.46382904052734,121.6250176489062,116.05736995065374,121.50861812548327,262330500,-0.026527260642670192
2020-10-14,117.55109405517578,119.33584179194668,116.02823591444664,117.36679671702483,150712000,0.0007429096715239059
2020-10-15,117.08550262451172,117.560787576873,114.60237278324881,115.15525739322722,112559200,-0.003960757953009986
2020-10-16,115.44625091552734,117.90029026113083,115.24255735409358,117.63839325335097,115393800,-0.014000466942874934
2020-10-19,112.49755859375,116.8042370043639,112.18716729027952,116.35804996814461,120639300,-0.02554168973347537
2020-10-20,113.98162078857422,115.40748342708119,112.15806534871491,112.71095010647143,124423700,0.01319195023763542
2020-10-21,113.36083221435548,115.14558032107824,112.95343762450592,113.16683302863848,89946000,-0.005446391882514501
2020-10-22,112.27445220947266,114.49569279996962,111.14927920105526,113.92340448698165,101988000,-0.009583380640930561
2020-10-23,111.58576965332033,113.05043193781697,110.84858760677534,112.89523260157101,82572600,-0.006133920429800321
2020-10-26,111.59546661376952,113.05042702646372,109.49061825916863,110.58669317293085,111850700,8.690140758371712e-05
2020-10-27,113.09891510009766,113.75849741390176,111.10077194371063,112.02224386138344,92276800,0.013472307898774627
2020-10-28,107.86106872558594,111.96406058991157,107.76407283902445,111.59547326085323,143937800,-0.04631208327574132
2020-10-29,111.85736846923828,113.41902674173545,108.83104781563942,108.99594897135509,146129200,0.03705043711201772
2020-10-30,105.59133911132812,108.6273541724171,104.4855696692542,107.72527832227131,190272600,-0.056018029421399884
2020-11-02,105.50402069091795,107.35667373960923,104.09756199136386,105.8338155489353,122866900,-0.0008269468040187355
2020-11-03,107.12389373779295,108.14236164402186,105.46523966166725,106.36731546450528,107624400,0.015353661749257341
2020-11-04,111.49844360351562,112.1192260110622,108.97651414781893,110.71276748778232,138235500,0.04083635978010891
2020-11-05,115.45597076416016,116.0282591074031,113.3608313760952,114.40839736997158,126387100,0.03549401258655549
2020-11-06,115.32477569580078,115.82031028925553,112.83735453132164,114.96526366548072,114457900,-0.001136321209644242
2020-11-09,113.02198028564452,118.53121707167843,112.75963885381937,117.083465097586,154515300,-0.019967915794872115
2020-11-10,112.68192291259766,114.25598657554706,110.8940882741732,112.27383288243148,138023400,-0.003008772029895579
2020-11-11,116.10211181640624,116.23814181960135,113.13859256042241,113.86732789743012,112295000,0.03035259618760211
2020-11-12,115.83004760742188,117.1126214574974,115.20819406878398,116.22842646880996,103162300,-0.002343318349063095
2020-11-13,115.8786163330078,116.27698772427065,114.52802767720522,116.05351307902214,81581900,0.000419310244527793
2020-11-16,116.88916778564452,117.55959935095183,114.80012470399369,115.54828982886944,91183000,0.008720775968990013
2020-11-17,116.00494384765624,117.24865091924097,115.5871353083196,116.16041093814378,74271000,-0.007564635412665499
2020-11-18,114.68350982666016,116.42275908285534,114.65436159878705,115.24706694247119,76322100,-0.011391187109503376
2020-11-19,115.27620697021484,115.68429695756758,113.49809106564801,114.25597458875419,74113000,0.005168111304323819
2020-11-20,114.01307678222656,115.40253254906611,113.9644988709724,115.27622108410968,73604300,-0.010957423228842411
2020-11-23,110.62200927734376,114.28512261237464,110.52484606012634,113.85759556092404,127959300,-0.02974279442839689
2020-11-24,111.90460968017578,112.56533009298217,109.39775804807978,110.68033950800988,113874200,0.011594441388389276
2020-11-25,112.7401885986328,113.439775552587,111.90457167175171,112.27380223804838,76499200,0.007466885598771178
2020-11-27,113.28430938720705,114.158793086573,112.9248047758015,113.26487971081116,46691300,0.00482632498080493
2020-11-30,115.67457580566406,117.54013622605181,113.49808123546687,113.65354831037159,169410200,0.021099713026338618
2020-12-01,119.24054718017578,119.96928259001577,116.60738412219025,117.57903133531022,127728200,0.03082761574594084
2020-12-02,119.59033203125,119.87211059203429,117.46242241782213,118.56038101970898,89004200,0.0029334388288715374
2020-12-03,119.4542999267578,120.27047995352808,118.74499426371094,120.01784962535093,78967600,-0.0011374841275351155
2020-12-04,118.78385925292967,119.3765645833526,118.07455360054387,119.12393425897255,78260400,-0.005612528592434107
2020-12-07,120.2413101196289,121.03806032248434,118.78383969393643,118.8421361387792,86712000,0.012269771969572352
2020-12-08,120.85346221923828,121.43645640289948,119.6000365852931,120.84375108576852,82225500,0.005091029854883855
2020-12-09,118.32717895507812,122.37894545635208,117.5692954268489,120.99920839659741,115089200,-0.02090368962353162
2020-12-10,119.74576568603516,120.35790799685957,116.74338022789215,117.08345517108472,81312200,0.011988680398571594
2020-12-11,118.93933868408205,119.27941372539408,117.13207427816091,118.95876836655133,86939800,-0.0067344928426739115
2020-12-14,118.32717895507812,119.85266455789507,118.09398573402578,119.12392925566253,79184500,-0.0051468230425418815
2020-12-15,124.25421905517578,124.27365614702585,120.610542706532,120.81458769248664,157243700,0.050090267953973644
2020-12-16,124.18621063232422,124.73033062366706,122.9716517851633,123.79755773169585,98208600,-0.0005473329064292765
2020-12-17,125.05099487304688,125.90604917528667,124.40970414636703,125.245321352785,94359800,0.006963609214899025
2020-12-18,123.0688247680664,125.43964605507787,122.5441344465272,125.30361605465058,192541500,-0.015850894325093456
2020-12-21,124.59429168701172,124.67202522679207,119.94982017477122,121.47530568083864,121251600,0.012395234307471359
2020-12-22,128.14080810546875,130.599073771845,125.9740246713456,127.8784592702847,168904800,0.028464517679237522
2020-12-23,127.24691772460938,128.67522539994948,127.07201352740594,128.41289134338277,88223700,-0.006975844729523173
2020-12-24,128.22825622558594,129.67601559807733,127.38292807699283,127.59669160383469,54930100,0.007712080720889469
2020-12-28,132.81443786621094,133.44600251933943,129.72459253226933,130.19099379190865,124486200,0.035765764704440484
2020-12-29,131.04605102539062,134.8549062093824,130.53107920371312,134.13589678161503,121047300,-0.013314718408865112
2020-12-30,129.92861938476562,132.13426190963798,129.6176852728213,131.73588313851724,96452100,-0.008527014983522818
2020-12-31,128.92784118652344,130.9197204767935,127.98534242224186,130.27842990655225,99116600,-0.007702523146794316
2021-01-04,125.7408676147461,129.82178288641367,123.1660010540864,129.73433819675842,143301900,-0.024719048596855475
2021-01-05,127.29547119140624,128.0047841932833,124.78862009202955,125.2355842462787,97664900,0.01236355057946037
2021-01-06,123.01051330566406,127.3343470647896,122.79674977159817,124.09876065496377,155088000,-0.03366151085845903
2021-01-07,127.20803833007812,127.89791430422592,124.23480053472447,124.72062409151188,109578200,0.03412330305446165
2021-01-08,128.3059844970703,128.86954151504634,126.53757990692247,128.67520026141898,105158200,0.008631106818448364
2021-01-11,125.3230438232422,126.47930629071162,124.85665734789745,125.52709624591981,100384500,-0.023248648030881336
2021-01-12,125.1481475830078,126.01291289609365,123.26314986487158,124.85665049211372,91951100,-0.001395563297050817
2021-01-13,127.1789093017578,127.72302939531502,124.84696180760955,125.10929589304283,88636800,0.01622686198693457
2021-01-14,125.25499725341795,127.28573558345721,125.10924133224826,127.09140918138505,90221800,-0.01512760298781124
2021-01-15,123.53520965576172,126.52788445335536,123.39917965706009,125.12871028033413,111598500,-0.013730291288711838
2021-01-19,124.20565032958984,125.0607045202907,123.34088500532488,124.15706500945309,90757300,0.005427122159717523
2021-01-20,128.2865447998047,128.7335089174472,124.90521758681017,125.01209934367105,104319500,0.03285594865761632
2021-01-21,132.98934936523438,135.7099645282226,129.80234769109845,130.0064001294405,120150900,0.036658595589806886
2021-01-22,135.126953125,135.88483658611096,131.19177987621222,132.41604973812463,114459400,0.01607349588496021
2021-01-25,138.8677978515625,140.97627022018892,132.6686847833474,139.01355380816258,157611700,0.027683927151839205
2021-01-26,139.10098266601562,140.2086596098709,137.36172630104042,139.5285097015661,98390600,0.001679185657587734
2021-01-27,138.03221130371094,140.20870656534407,136.42899920964183,139.363363343346,140843800,-0.0076834206475078215
2021-01-28,133.2030792236328,137.96415826033868,132.8241374993332,135.564189064389,142621100,-0.03498554456577263
2021-01-29,128.2185516357422,132.86302336292994,126.51816929301403,131.9788209864335,177523800,-0.03742051322644102
2021-02-01,130.3367156982422,131.54156320206033,127.2177225988055,129.95777399701672,106239800,0.016519950003159645
2021-02-02,131.16265869140625,132.44522526454477,130.79342801715512,131.88166811874655,83305400,0.006336994059880308
2021-02-03,130.1424102783203,131.92052618668296,129.82176496768204,131.9108002272906,89880900,-0.007778497502755943
2021-02-04,133.49456787109375,133.50427900274144,130.77395356806818,132.43547630144383,84183100,0.025757611109280765
2021-02-05,133.08103942871094,133.7232884555335,132.20525610000038,133.6551792335879,75693800,-0.003097717375152853
2021-02-08,133.22698974609375,133.27564766652046,131.29051736028654,132.37065786118401,71297200,0.0010967025656647422
2021-02-09,132.35118103027344,134.1708861386868,132.19549648512387,132.94477197557092,76774200,-0.006573808486474375
2021-02-10,131.74786376953125,133.3048279995829,130.7844904817518,132.80853804149436,73046600,-0.004558457703556007
2021-02-11,131.494873046875,132.72097244544923,130.17145780866096,132.24414858851415,64280000,-0.0019202643247318019
2021-02-12,131.72840881347656,131.88410821935858,130.0936095966532,130.73585850968206,60145100,0.0017760066319720824
2021-02-16,129.60702514648438,132.3511559058319,129.21777673672364,131.84515524560578,80576300,-0.016104222969822723
2021-02-17,127.32024383544922,128.6631249352014,125.98710322664614,127.71921790831898,97918500,-0.017643961108208428
2021-02-18,126.22067260742188,126.50286477250336,123.982542030246,125.72438263501022,96856700,-0.00863626391925898
2021-02-19,126.3763656616211,127.19378012757379,125.33515742569439,126.73642239782728,87668800,0.0012334988475577457
2021-02-22,122.61048126220705,126.23041094448011,122.22124015432108,124.56640502266376,103916400,-0.02979896106125879
2021-02-23,122.47425842285156,123.30139120748287,115.2052066551197,120.43075171253977,158273000,-0.0011110211619197452
2021-02-24,121.97795104980467,122.18230093698557,118.94188709836797,121.57898434363891,111039900,-0.00405234029940682
2021-02-25,117.73523712158205,123.05808944115938,117.29734557401017,121.32597453863157,148199500,-0.03478262990735337
2021-02-26,117.99799346923828,121.49141551253575,117.93960247752109,119.29220956982277,164560400,0.0022317562191249696
2021-03-01,124.35233306884766,124.48856634693102,119.4868376397081,120.42101187120407,116307900,0.05385125130340396
2021-03-02,121.75415802001952,125.25731317881322,121.6471165286429,124.95565484356455,102260900,-0.020893657438575408
2021-03-03,118.77645874023438,122.32827149061751,118.56237577745944,121.45248092660913,112966300,-0.024456653704553855
2021-03-04,116.89836883544922,120.27502322512267,115.42899483365645,118.47479173492613,178155000,-0.015811970862783187
2021-03-05,118.15369415283205,118.65970985611862,114.40726400079701,117.72553558561702,153766600,0.010738604224237447
2021-03-08,113.2297821044922,117.74496014762576,113.0838157930319,117.6768435254983,154376600,-0.04167378839607638
2021-03-09,117.8325424194336,118.7764495417566,115.59441940046939,115.82796105806665,129525800,0.04064973215875134
2021-03-10,116.75243377685548,118.88351576641335,116.23668501538924,118.41643235397203,111943300,-0.009166471506091955
2021-03-11,118.67916107177734,119.89553490297892,117.99799469596714,119.24356031125248,103026500,0.016502673499760645
2021-03-12,117.77416229248048,117.9103955487277,115.95447204511132,117.16111263936789,88105100,-0.007625591309577184
2021-03-15,120.65455627441406,120.66428934425417,117.18059275719496,118.14396621912681,92403800,0.024456926085200337
2021-03-16,122.1920394897461,123.79765430298438,121.36490683570095,122.31853968534864,115227900,0.012742852510560843
2021-03-17,121.4038314819336,122.47423888090718,119.04892629520441,120.71293209328559,111932600,-0.006450567574646682
2021-03-18,117.28761291503906,119.86632656590932,117.08326303051578,119.57439391707281,121229700,-0.03390517841693552
2021-03-19,116.76214599609376,118.16341092060107,116.4604876842397,116.67457065039011,185549500,-0.004480156990883111
2021-03-22,120.07068634033205,120.53777713211232,117.02488910943605,117.09300574322106,111912300,0.02833572743985857
2021-03-23,119.24354553222656,120.89781076796868,118.8543044696532,120.01229458916613,95467100,-0.0068887822108471
2021-03-24,116.85945892333984,119.59387224546333,116.84000020937296,119.51602254128295,88530500,-0.019993422690055773
2021-03-25,117.34601593017578,118.38723908571315,115.79879193762964,116.32426633816141,98844700,0.00416360824633899
2021-03-26,117.94932556152344,118.2120664416162,115.72092802368101,117.1124598512715,94071200,0.005141287725581201
2021-03-29,118.12449645996094,119.28248673827066,117.48225492917581,118.3775042989523,80819200,0.0014851369230266531
2021-03-30,116.6745834350586,117.16113298447573,115.66255948137214,116.87893335491496,85671900,-0.012274448301193841
2021-03-31,118.86406707763672,120.19720821125276,117.89096789144921,118.37751748454296,118323800,0.01876572924553699
2021-04-01,119.69117736816406,120.83943448866229,119.19489479787379,120.33342627373456,75089100,0.006958455241036887
2021-04-05,122.5131607055664,122.76616851425374,119.75928886344587,120.53777100210417,88651200,0.023577204263953933
2021-04-06,122.81481170654295,123.71006091586875,122.26987869637169,123.09701127942607,80171300,0.0024621926268109107
2021-04-07,124.45938110351562,124.47883981962588,121.77362540670963,122.44506618695044,83466700,0.0133906438003768
2021-04-08,126.85319519042967,126.88238697462579,125.0626964676061,125.48112193995918,88844600,0.019233697497845093
2021-04-09,129.42221069335938,129.46112813324058,125.98717125154387,126.30829581175405,106686700,0.020251878551999836
2021-04-12,127.7095184326172,129.27620842056396,127.11592744716376,128.95508396794366,91420000,-0.013233372012166122
2021-04-13,130.8136749267578,131.0374983592836,128.3809277339075,128.8772176641677,91266500,0.024306383206498694
2021-04-14,128.478271484375,131.36837696548068,128.1182295730411,131.3099933958929,87222800,-0.01785289988749572
2021-04-15,130.88180541992188,131.36835488244947,130.04493975044198,130.22010527807376,89347100,0.01870770759738294
2021-04-16,130.55096435546875,131.04723949609195,129.69463249088383,130.6871976204425,84922400,-0.0025277849995395396
2021-04-19,131.21267700195312,131.82573417670255,129.75302837507442,129.91845343765638,94264200,0.0050686155383934395
2021-04-20,129.52920532226562,131.88410306298763,128.26417368348118,131.38782793049364,94812300,-0.012830099333027367
2021-04-21,129.90870666503906,130.15198139662152,127.76789199677557,128.79937448295544,68847100,0.0029298515483766607
2021-04-22,128.3907012939453,130.54124205126504,127.87495994409139,129.46110142550572,84566500,-0.01168517037897876
2021-04-23,130.70668029785156,131.48514771146148,128.60478264515086,128.60478264515086,78657500,0.01803852600356093
2021-04-26,131.09591674804688,131.42676689058607,129.9671181870508,131.20295824690538,66905100,0.002977938459674201
2021-04-27,130.77476501464844,131.7673300838562,130.5022985012677,131.3780816016613,66015800,-0.0024497462725376895
2021-04-28,129.986572265625,131.3878372667235,129.50002274292763,130.69693041123548,107760100,-0.006027101244916455
2021-04-29,129.8892822265625,133.38271977828063,128.88699119854815,132.79885429572334,151101000,-0.000748462224726465
2021-04-30,127.923583984375,129.96708270240345,127.54407601900469,128.23496790165584,109839500,-0.015133644658677725
2021-05-03,128.97454833984375,130.46340362512916,128.28365629304724,128.48799878924353,75135100,0.008215563719643049
2021-05-04,124.41070556640624,127.95279275381809,123.29164023246338,127.66086008438737,137564700,-0.0353856077201522
2021-05-05,124.65401458740234,126.94078881910761,124.52750693879655,125.72441480809984,84000900,0.00195569199522172
2021-05-06,126.24988555908205,126.25961120491856,123.71008883004946,124.44964624226809,78128300,0.012802403331829693
2021-05-07,126.92243957519533,127.9459170756659,126.21086004578889,127.54628013792039,78973300,0.0053271653525464036
2021-05-10,123.64729309082033,126.26937098545628,123.60830211734293,126.1426633359984,88071200,-0.025804313999453488
2021-05-11,122.73101043701172,123.0819142652862,119.67028275042819,120.38185488141869,126142800,-0.007410454615739859
2021-05-12,119.67029571533205,121.49308457084182,119.16342796467423,120.28439421406758,112172300,-0.024938397482276886
2021-05-13,121.8147430419922,122.96495055227784,121.12267010296466,121.43459040557941,105861300,0.017919629209919297
2021-05-14,124.23213958740234,124.66103284772763,122.67253787272075,123.06244016058305,81918000,0.01984486019542664
2021-05-17,123.0819320678711,123.72527195908786,122.00970635261075,123.61804864388507,74244600,-0.009258534251694428
2021-05-18,121.6977767944336,123.78374532662899,121.62954445690447,123.36460169987382,63342900,-0.011245803914373353
2021-05-19,121.54181671142578,121.76600548369002,119.75801895076617,120.050447495282,92612000,-0.0012815360076071647
2021-05-20,124.09567260742188,124.49532449020155,121.94147161685788,122.06819413421118,76857100,0.021012158326213504
2021-05-21,122.26314544677734,124.76825782596866,122.04869881375613,124.59280216593018,79295400,-0.014767051276975196
2021-05-24,123.89096069335938,124.70975612799803,122.76025239580743,122.82848472896345,63092900,0.013314030492456386
2021-05-25,123.6960220336914,125.08017543327662,123.1306641265909,124.59279202902988,72009500,-0.0015734695943674382
2021-05-26,123.64729309082033,124.17366007761332,123.22814942189817,123.75451640869117,56575900,-0.0003939410667370691
2021-05-27,122.11690521240234,124.41732007226534,121.92195782567474,123.24762087836753,94625600,-0.012377043121307163
2021-05-28,121.46383666992188,122.62379382802953,121.4053539348129,122.39959761550023,71311100,-0.005347896274840558
2021-06-01,121.14215850830078,122.1851426884376,120.81074644955004,121.92196296159237,67637100,-0.0026483451407455227
2021-06-02,121.90245056152344,122.07790617267895,120.91795665587394,121.14214539210477,59278900,0.006276031916424563
2021-06-03,120.42084503173828,121.69776758173275,120.02119320163122,121.53206155124437,76229200,-0.01215402580473468
2021-06-04,122.71151733398438,122.97470451422886,120.72302254551224,120.93746915555829,75169300,0.01902222411445753
2021-06-07,122.72125244140624,123.13064641036082,121.67826831853665,122.98443215380105,71057600,7.933328210230073e-05
2021-06-08,123.54004669189452,125.21662849111421,123.0234294041827,123.40358202860334,74403800,0.006671984144549281
2021-06-09,123.9202117919922,124.52456067367201,123.32561251203367,123.99819373222839,56877900,0.003077262072320508
2021-06-10,122.92595672607422,124.95344236430199,122.7602506959565,123.81297704481983,71186400,-0.008023348665566421
2021-06-11,124.13465881347656,124.22239035571975,122.91621888119515,123.33536251537065,53522400,0.009832765345856087
2021-06-14,127.18567657470705,127.2441593332328,123.86177508222433,124.59283931087603,96906500,0.024578290949467396
2021-06-15,126.36685180664062,127.30262029411195,126.1231638006209,126.65928038857137,62746300,-0.006438026593234003
2021-06-16,126.86394500732422,127.58526671760069,125.21662690472674,127.07839160028391,91815000,0.003933730987017103
2021-06-17,128.46253967285156,129.20336059736883,126.37657131032402,126.52279301183641,96721700,0.012600858860530195
2021-06-18,127.16614532470705,128.1896229684165,126.95169870686416,127.40983331102534,108953300,-0.010091613877835304
2021-06-21,128.9596710205078,129.066894317528,125.94769141357571,127.01016734634604,79663300,0.01410379854812116
2021-06-22,130.59727478027344,130.69475593415476,128.2968593599112,128.79399242175575,74783600,0.012698572715071466
2021-06-23,130.3242950439453,130.92865119213846,129.8661605700781,130.39253480000346,60214200,-0.0020902406791214467
2021-06-24,130.04168701171875,131.24062798342803,129.57379527397197,131.05542269642876,68711000,-0.0021684984532720497
2021-06-25,129.74920654296875,130.50951172104854,129.45677804212312,130.09037560621056,70783700,-0.002249128533096001
2021-06-28,131.37704467773438,131.83517920756188,129.9831567614525,130.04163948891443,62111300,0.012546035371912234
2021-06-29,132.88792419433594,133.0438880631515,130.9579196567259,131.3965550234282,64556100,0.01150033112944282
2021-06-30,133.5020294189453,133.9406648079474,132.43953852296474,132.73196707347742,63261400,0.004621226709142556
2021-07-01,133.80421447753906,133.86269721920397,132.33232940247316,133.15113240638843,52485800,0.002263524082060542
2021-07-02,136.42626953125,136.46525305919846,134.27206149217562,134.41826831389758,78852600,0.0195962067708344
2021-07-06,138.4342803955078,139.53574001915328,136.53351700878477,136.53351700878477,108181800,0.014718652581773073
2021-07-07,140.91993713378906,141.2318501133778,139.05815680347382,139.91592865249686,104911600,0.01795550012019942
2021-07-08,139.6234893798828,140.422778328839,137.11836946520646,138.00539740279086,105575500,-0.009199888818254287
2021-07-09,141.44627380371094,141.972633378387,139.04837716154248,139.14585831818513,99890800,0.013054998352524771
2021-07-12,140.8516845703125,142.6257406086967,140.36430849913495,142.51851727809614,76299700,-0.004203640134229136
2021-07-13,141.9628448486328,143.7369001800956,140.00359917768813,140.3934939298509,100827100,0.007888867511312014
2021-07-14,145.38426208496094,145.79367103404422,143.95137538377713,144.36078433286042,127050800,0.024100793696943734
2021-07-15,144.73114013671875,146.21276700697837,143.37623575739534,145.47196100861444,106820300,-0.004492384105925562
2021-07-16,142.69393920898438,145.97884856339024,142.1968210625346,144.7116829108476,93251400,-0.014075760930301162
2021-07-19,138.85337829589844,140.43248618215895,138.09307315098926,140.12055849525734,121434600,-0.02691467440296247
2021-07-20,142.45999145507812,143.38601770583355,139.35054523026795,139.83792120496685,96350000,0.025974255746906927
2021-07-21,141.72894287109375,142.4405225803077,140.97839449756518,141.8556653977963,74993500,-0.005131606260238342
2021-07-22,143.0935516357422,144.4581980577568,142.12854210433372,142.2552645840674,77338200,0.009628299887127323
2021-07-23,144.80917358398438,144.9651374939281,143.21058069090384,143.8246792903466,71447400,0.011989512655395274
2021-07-26,145.22833251953125,146.0471207803315,143.97089387930282,144.52650976069162,72434100,0.0028945606495280884
2021-07-27,143.06434631347656,145.4427434254304,141.87514775749966,145.35500444699645,104818600,-0.01490057875424311
2021-07-28,141.3195343017578,143.25929604709813,138.94113715127986,141.15382825419624,118931200,-0.012195994716220904
2021-07-29,141.9628448486328,142.8498725143642,140.92961036922324,141.0368336570977,56699500,0.004552170017071644
2021-07-30,142.17730712890625,142.63544169374407,140.47149137109437,140.73467853831747,70440600,0.0015106930302932753
2021-08-02,141.84591674804688,143.2398049839172,141.58272954059322,142.66470486730785,62880000,-0.002330824711421209
2021-08-03,143.63941955566406,144.30224361135603,141.51445299043982,142.12855135709023,64786600,0.012644021405303407
2021-08-04,143.23977661132812,144.05856456840556,142.5866946784069,143.55170433223327,56368300,-0.0027822651022414435
2021-08-05,143.3470458984375,144.10735137016883,142.47951709743447,143.26906394319104,46397700,0.0007488791845888798
2021-08-06,142.6636505126953,143.6105775396916,142.16578765248929,142.86866162914254,54126800,-0.004767418689788583
2021-08-09,142.61485290527344,143.21034301067533,142.05841963396023,142.72223685529076,48908700,-0.00034204653565583776
2021-08-10,142.1365203857422,144.19632898598317,141.84365370926938,142.95653516321173,69023100,-0.003354016147595562
2021-08-11,142.39035034179688,143.22989365517753,142.06819844175104,142.57583309295842,48493500,0.0017858179964291843
2021-08-12,145.34823608398438,145.5044336133679,142.37078584930737,142.71246608285676,72282600,0.020773077214062186
2021-08-13,145.5532684326172,145.88517705910473,144.7430103885552,145.42635605950554,59375000,0.0014106283925892082
2021-08-16,147.5252227783203,147.59356480078714,142.9858407795006,145.00659283395282,103296000,0.013547990827949219
2021-08-17,146.61732482910156,148.07187159409528,145.5434853619502,146.65636676617194,92229700,-0.006154187955933477
2021-08-18,142.87843322753906,147.134719463398,142.67342208980006,146.23660593235846,86326000,-0.02550102183299674
2021-08-19,143.21031188964844,144.47939059702847,141.06264825182848,141.58003947243648,86960300,0.002322804461194261
2021-08-20,144.66490173339844,144.9675251601663,143.28843882859866,143.9327425154178,60549600,0.010157018894497272
2021-08-23,146.1487579345703,146.61733569322215,144.37204430196212,144.7820517027598,60131800,0.010257195652795259
2021-08-24,146.06089782714844,147.27140659304087,145.60207679709836,145.89494350289067,48606400,-0.0006011690325907759
2021-08-25,144.83087158203125,146.74425443123712,144.28419502392072,146.24637657624294,58991300,-0.008421324690012666
2021-08-26,144.03036499023438,145.57278230599707,144.00107981111,144.82110951404735,48597200,-0.005527182036900724
2021-08-27,145.06520080566406,145.21162673984585,143.33730030320672,143.97183254575776,55802400,0.007184844775612875
2021-08-30,149.47763061523438,149.83883931473636,145.07491826892314,145.45564049048158,90956700,0.03041687313748942
2021-08-31,148.21832275390625,149.16524992421503,147.6911597437249,149.0285807911714,86453100,-0.00842472452998444
2021-09-01,148.8821563720703,151.2934023311897,148.71620204197066,149.1945515081308,80313700,0.004478755432054449
2021-09-02,149.99501037597656,151.03956466217258,148.77474502994417,150.20977826854366,71115500,0.007474730558879816
2021-09-03,150.6295928955078,150.95174481050074,149.4483692072004,150.10242979976638,57808700,0.004230690860586694
2021-09-07,152.96267700195312,153.51911015556547,150.71738618296104,151.28359099093745,82278300,0.015488882772615398
2021-09-08,151.42030334472656,153.3043860941943,150.31717858511598,153.24581573453693,74420200,-0.010083333316707521
2021-09-09,150.40505981445312,152.3965266648195,150.28790419091163,151.79127971049815,57305700,-0.0067048044935038575
2021-09-10,145.4263458251953,151.78148246152148,145.16276433644302,151.3129047338198,140893200,-0.03310203789287269
2021-09-13,145.9925537109375,147.81806596111582,145.21158088499752,147.04686479158386,102404300,0.0038934340440814896
2021-09-14,144.5966033935547,147.47644243735672,143.41539450679298,146.7735681841506,109296300,-0.009561791214001025
2021-09-15,145.48487854003906,145.88512904981255,142.88815094916558,145.0260576914331,83281300,0.0061431259492776835
2021-09-16,145.25062561035156,145.42635157507343,143.71798000246844,144.90896023332135,68034100,-0.0016101531103318578
2021-09-17,142.5855712890625,145.27992686740734,142.29270460935308,145.27992686740734,129868800,-0.018347971377681516
2021-09-20,139.539794921875,141.3945924183066,137.90952209387459,140.37933813407227,123478900,-0.02136104193188537
2021-09-21,140.01815795898438,141.16033974315945,139.38362576406158,140.50626423071614,75834000,0.003428147772305268
2021-09-22,142.3805694580078,142.94675948187773,140.28170408222925,141.01386330488788,76404300,0.016872179533425014
2021-09-23,143.33726501464844,143.581318108749,142.1755699033987,143.16153904107028,64838200,0.006719284522336277
2021-09-24,143.42514038085938,143.96206024126909,142.097490769583,142.19511797904687,53477900,0.0006130671336721516
2021-09-27,141.9119873046875,142.48796392317834,140.39887004950094,142.00961449990794,74150700,-0.01055012442137937
2021-09-28,138.53427124023438,141.30671020043195,138.3195033733077,139.84239196001295,108972300,-0.023801485192375682
2021-09-29,139.43243408203125,141.0138935757981,138.65146109771675,139.08099698388077,74602000,0.006483325994037559
2021-09-30,138.134033203125,140.94552924628812,137.91926531672686,140.24265523549735,89056700,-0.009312043409802184
2021-10-01,139.25668334960938,139.5202648503588,135.80089824481317,138.52452409983053,94639600,0.00812725235375944
2021-10-04,135.83016967773438,138.8271483868743,134.98086980059804,138.38784096480848,98322000,-0.024605739483774758
2021-10-05,137.75332641601562,138.8564511470798,136.0449547897289,136.17186716291496,80861100,0.014158538878690008
2021-10-06,138.6221466064453,138.76857249312508,135.07849119061893,136.15233067899587,83221100,0.006307072308409101
2021-10-07,139.88145446777344,140.7893396562003,139.32502120039112,139.65692980871162,61732700,0.009084463717787816
2021-10-08,139.50071716308594,140.7502675851044,139.16880859069704,140.60384171370225,58773200,-0.002721856919032928
2021-10-11,139.41287231445312,141.36529686032225,138.43666004151856,138.88572424122802,64452200,-0.0006297089392746091
2021-10-12,138.14378356933594,139.84239816609858,137.68496264197734,139.82286975119803,73035900,-0.009103095890992674
2021-10-13,137.55809020996094,138.03642474342516,135.88876048394778,137.88024208325538,78762700,-0.004239737353661233
2021-10-14,140.34033203125,140.45748768411102,138.14385346185705,138.72958703869128,69907100,0.02022594103365649
2021-10-15,141.3945770263672,141.453147377337,140.09621296187518,140.35003767716657,67940300,0.0075120600034097595
2021-10-18,143.0639190673828,143.34701408719482,139.7545598847163,140.03765490452832,85589200,0.011806266379681185
2021-10-19,145.2213134765625,145.62156403141842,143.0638929755576,143.51294222106137,76378900,0.01507993366352256
2021-10-20,145.70948791503906,146.18783745350981,144.5966061422776,145.16281124011374,58418800,0.003361589471887916
2021-10-21,145.9242401123047,146.0804376870695,144.35253739380764,145.27017952577518,61421000,0.001473838116779591
2021-10-22,145.15301513671875,146.6075619891813,145.1042015405824,146.12922747617256,58883400,-0.00528510530527615
2021-10-25,145.1042022705078,145.8168331110648,144.10846150842693,145.14324421012236,50720600,-0.0003362855822524047
2021-10-26,145.7680206298828,147.25185252804923,145.4653823192533,145.77777738990952,60893400,0.004574770054815325
2021-10-27,145.3092498779297,146.1683068273683,144.95781274994326,145.80711293598463,56094900,-0.003147266114822189
2021-10-28,148.94076538085938,149.52648401063686,146.15855347799373,146.2561806975345,100077900,0.024991633402418723
2021-10-29,146.2366180419922,146.373287179863,142.92725865743117,143.7179883048137,124953200,-0.018155857679073684
2021-11-01,145.41659545898438,146.1389830509936,144.28418557941234,145.44588063726485,74588300,-0.005607505110466482
2021-11-02,146.4513702392578,147.96450225059075,145.11394928812004,145.12372094423125,69122000,0.007115933205610547
2021-11-03,147.8864288330078,148.35500663634056,146.25615583539988,146.8125891838913,54511500,0.009798874475571928
2021-11-04,147.3690185546875,148.80403696262286,147.0566234619275,147.97426542713765,60394600,-0.0034987002012508706
2021-11-05,147.89695739746094,148.7963818494452,146.70423879606528,148.49331669815876,65463900,0.00358242762251626
2021-11-08,147.0757293701172,148.18046407919945,146.80199217243356,148.02403856122066,55020900,-0.005552704002806275
2021-11-09,147.4374237060547,148.04355383183062,146.7041960051751,146.84106457930375,56787900,0.0024592387709823083
2021-11-10,144.61209106445312,146.77267581374304,144.54366421842147,146.6651351263565,65187100,-0.019162927366625837
2021-11-11,144.56317138671875,146.0882826457482,144.37741797894228,145.6288070022433,41000000,-0.00033828207153563383
2021-11-12,146.63575744628906,147.0365772200293,144.18187938974896,145.11063141972008,63804000,0.014336888432157968
2021-11-15,146.64556884765625,148.483531417499,146.08830852560698,147.00728981052836,59222800,6.691001934355789e-05
2021-11-16,147.62319946289062,148.102247003654,146.00031832566742,146.58690654221206,59256200,0.006666622271075839
2021-11-17,150.05752563476562,151.53375230300938,147.61343285568483,147.6232038564801,88807000,0.01649013285670553
2021-11-18,154.33956909179688,155.12168178008048,149.627365877677,150.2726099643279,137827700,0.028536012698580526
2021-11-19,156.95960998535156,157.41910052968012,153.02950540265965,154.12445397592487,117305600,0.016975820970423827
2021-11-22,157.4191131591797,161.9944471367291,157.39955624235793,158.06434223873075,117467900,0.0029275249465197106
2021-11-23,157.80043029785156,158.18170822428823,155.50297681960475,157.5169071447605,96041900,0.002422305214528242
2021-11-24,158.3185577392578,158.51408217991857,156.06998937776268,157.15516717862224,69463600,0.0032834349084363
2021-11-26,153.3032684326172,156.8618668141861,152.8633347292546,156.00155632601601,76959800,-0.03167846763043747
2021-11-29,156.65658569335938,157.5853380225465,155.23899986098183,155.80603121042097,88748200,0.02187374930115138
2021-11-30,161.60342407226562,161.8185054389282,156.34373142534065,156.41217318635103,174048100,0.031577596032823285
2021-12-01,161.08526611328125,166.49159798116264,160.85062784337472,163.7346542506034,152052500,-0.003206355075451084
2021-12-02,160.0978240966797,160.52798674829987,154.27111613625055,155.19009727061072,136739200,-0.006129933794858378
2021-12-03,158.22079467773438,161.271032766341,156.14820866843903,160.3520514474846,118023100,-0.011724265645308263
2021-12-06,161.6230010986328,164.12575013017414,160.60624998109355,160.61602098349957,107497000,0.021502903128682194
2021-12-07,167.35186767578125,167.74293136363414,164.57538262102042,165.2988392553825,120405400,0.035445861902120734
2021-12-08,171.16473388671875,172.02505945223345,166.88267789889346,168.28070694285483,116998900,0.02278352948127438
2021-12-09,170.65634155273438,172.7973693361273,170.03065436230736,170.9985205283445,108923700,-0.0029701932310475243
2021-12-10,175.4369659423828,175.61294836881706,170.78341894665584,171.29179439045112,115402700,0.02801316579361446
2021-12-13,171.8099365234375,178.0570365302883,171.6046261840087,177.06961358561998,153237000,-0.02067425983721416
2021-12-14,170.4314727783203,173.76521877848376,168.35888695654498,171.33089709564845,139380400,-0.008023189886512405
2021-12-15,175.29034423828125,175.4858686850592,168.45665517933287,171.19404218690133,131063300,0.028509238233720202
2021-12-16,168.40777587890625,177.08919884301145,166.9315491019716,175.27079308478832,150185800,-0.039263819061357785
2021-12-17,167.3127899169922,169.59068583995455,165.89521929851176,166.12984262332955,195432700,-0.006501991705545773
2021-12-20,165.95387268066406,166.76531314131543,163.7150906232475,164.51674516713837,107499100,-0.008122016475861304
2021-12-21,169.1214599609375,169.3267554134747,165.33799395674112,167.72343104614094,91185900,0.019087154937135198
2021-12-22,171.71221923828125,171.92730064327637,168.30025960227871,169.170356225191,92135300,0.015318926870322436
2021-12-23,172.3378448486328,172.89510508509778,171.35043687369296,171.91746810959268,68356600,0.003643454223158038
2021-12-27,176.2973175048828,176.38530127238838,173.11022561335014,173.12976761664484,74919600,0.022975061918220296
2021-12-28,175.28054809570312,177.2749361221624,174.5375492742612,176.1311025117923,79144300,-0.005767356098038912
2021-12-29,175.36856079101562,176.5906072567406,174.15628532669507,175.31967594887476,62348900,0.0005021247153131903
2021-12-30,174.21495056152344,176.53196092937984,174.10740987004013,175.4565540145469,59773000,-0.006578204350248029
2021-12-31,173.5990447998047,175.22191121478994,173.2959647369927,174.10740540326523,64062300,-0.003535320933901409
2022-01-03,177.93972778320312,178.79028222604728,173.73590007898758,173.85321176039008,104487900,0.025004071816202345
2022-01-04,175.681396484375,178.8489462858369,175.1143651356069,178.5458811499138,99310400,-0.012691551948306956
2022-01-05,171.00828552246094,176.14088047095728,170.7345483186125,175.5934060632604,94537600,-0.02659991925969052
2022-01-06,168.15357971191406,171.3797850968752,167.80162976232634,168.83792269234627,96904000,-0.016693377176580926
2022-01-07,168.3197784423828,170.24572473108867,167.2052727402814,169.02367835082143,86709100,0.00098837462011514
2022-01-10,168.33934020996094,168.64240533418686,164.40923476090865,165.29888813158135,106765600,0.00011621787860671695
2022-01-11,171.16473388671875,171.26248866253403,167.0000045144569,168.46646040973286,76138300,0.016783917967326367
2022-01-12,171.60464477539062,173.21774007794218,170.91053076473975,172.18144710369126,74805200,0.002570102372624339
2022-01-13,168.33934020996094,172.6702655459411,167.94827640647682,171.84905393496265,84505800,-0.019028066342280936
2022-01-14,169.1996307373047,169.89374460419103,167.2638988741002,167.50830810674722,80440800,0.005110454432521561
2022-01-18,166.0028076171875,168.68152412823068,165.62152968734614,167.67455895666092,90956700,-0.018893794898881877
2022-01-19,162.51263427734375,167.25418085979933,162.22912604138475,166.19833085017333,94815000,-0.021024785001783175
2022-01-20,160.8311004638672,165.8854833139809,160.50847837757559,163.24586569234862,91420500,-0.010347095910136161
2022-01-21,158.77801513671875,162.61035005803072,158.67047447923693,160.74305996791702,122848900,-0.012765474595566095
2022-01-24,158.00567626953125,158.67047714081284,151.24043048620277,156.44146612794097,162294600,-0.004864268308949815
2022-01-25,156.20684814453125,159.1202024043847,153.5085752311325,155.4247355135648,115798400,-0.011384579133293271
2022-01-26,156.11891174316406,160.71380433216626,154.29073466133664,159.84370768215854,108275300,-0.0005629484392759565
2022-01-27,155.65939331054688,160.17607231774176,154.74041197266266,158.81715723147198,121954600,-0.0029433873672727318
2022-01-28,166.52093505859375,166.54049197821774,159.15932862262193,162.00425626677838,179935700,0.06977761840801766
2022-01-31,170.87142944335938,171.08651082179728,165.71927719769477,166.3547503312831,115541600,0.026125810446805398
2022-02-01,170.70521545410156,170.93006781127377,168.45664712970438,170.1186272242385,86213900,-0.0009727430138513071
2022-02-02,171.90773010253906,171.94684394629172,169.45386598046034,170.8421090824681,84914300,0.007044393138420757
2022-02-03,169.03343200683594,172.2987509371964,168.27087633720052,170.57810026310062,89418100,-0.0167200049351397
2022-02-04,168.7495880126953,170.4234840013588,167.07569202403184,168.05457472378333,82465400,-0.0016792180740266005
2022-02-07,168.03500366210938,170.2766384169295,167.33999039041194,169.20965988540354,77251200,-0.004234584267738595
2022-02-08,171.13807678222656,171.6471000057892,167.80986639624405,168.1035342150904,74829200,0.01846682567613689
2022-02-09,172.5574188232422,172.9196005956565,171.20655609241282,172.33228001362485,71285000,0.008293549090315766
2022-02-10,168.4853057861328,171.77435265074166,167.92735034711362,170.46265325992954,90865900,-0.023598597295202972
2022-02-11,165.07879638671875,169.42503845048873,164.49146072642745,168.69087634340775,98670700,-0.020218436162843356
2022-02-14,165.3136749267578,165.99888966269845,163.04266044585623,163.8355528500562,86185500,0.001422826826825263
2022-02-15,169.14112854003906,169.29775335068365,166.65477315145358,167.35956986279012,62527400,0.023152673939267343
2022-02-16,168.9062042236328,169.67951494494773,166.45899759893967,168.2209893560315,61177400,-0.001388924848935491
2022-02-17,165.3136749267578,168.27968759105596,164.91232953264935,167.41826624498145,69589300,-0.02126937440449772
2022-02-18,163.76707458496094,166.93864489391834,162.68051421778296,166.23386310925557,82772700,-0.00935554994154053
2022-02-22,160.85000610351562,163.16995323151656,158.72581758393332,161.49605730830203,91162800,-0.017812301336139202
2022-02-23,156.6897430419922,162.64133603328534,156.37649344425944,162.04421705709984,90009200,-0.025864239376192977
2022-02-24,159.30335998535156,159.4110376690062,148.79015546543386,149.35790916683425,141147500,0.01668020441299034
2022-02-25,161.3688201904297,161.6331077669388,157.47285626304333,160.38013909716133,91974200,0.012965578411328282
2022-02-28,161.6331024169922,161.9267702066246,158.99990563300975,159.6166064975814,95056600,0.0016377527347020138
2022-03-01,159.75367736816406,163.08188800417662,158.54965565066482,161.2220016361372,83474400,-0.011627723657617217
2022-03-02,163.04270935058594,163.82581854222389,159.5089420061074,160.9185355637426,79724800,0.02058814567906353
2022-03-03,162.7196807861328,165.34309441078548,162.05404766344782,164.91238359654656,76678400,-0.00198125120552628
2022-03-04,159.72430419921875,162.05405003585454,158.67690737340956,161.01643666085187,83737200,-0.018408200977550915
2022-03-07,155.93600463867188,161.53521443024337,155.68148559760553,159.91026569329455,96418800,-0.023717740262132248
2022-03-08,154.1153106689453,159.44043549933374,152.50994347183405,155.46617371481233,131148300,-0.01167590495822557
2022-03-09,159.50889587402344,159.9591883833685,156.04365849416726,158.0699374448171,91454900,0.034997075771816544
2022-03-10,155.17250061035156,157.00300660733848,152.6861300144377,156.81701649151432,105342000,-0.02718591486644517
2022-03-11,151.46253967285156,155.9164596416208,151.23740079888486,155.57384466842046,96970100,-0.023908623776167426
2022-03-14,147.43927001953125,150.86535859871933,146.93026189923282,148.25174424641173,108732100,-0.026562803330845264
2022-03-15,151.81491088867188,152.28478532825997,147.20438184151632,147.713390079557,92964300,0.029677580935940417
2022-03-16,156.21986389160156,156.62120932527256,151.19820652447248,153.73350876565036,102300200,0.029015285633964494
2022-03-17,157.22811889648438,157.60009906528276,154.30126947324382,155.2605702418383,75615400,0.0064540768361085465
2022-03-18,160.51715087890625,161.00659213717293,156.38626546421042,157.12042735161046,123511700,0.0209188534818463
2022-03-21,161.8876190185547,162.83713639325782,159.56765695852218,160.05709828830467,95811400,0.008537829958633614
2022-03-22,165.25498962402344,165.84231029999864,161.42755456550663,162.01487524148183,81532000,0.02080066793176316
2022-03-23,166.6156463623047,168.99432437394225,164.1096938716203,164.44252537221885,98062700,0.008233680213692418
2022-03-24,170.39410400390625,170.46261801995993,166.61561651162776,167.44765777264146,90131400,0.02267768798486869
2022-03-25,171.0303955078125,171.57856745870845,169.10199529276142,170.20813758146855,80546200,0.0037342342777990645
2022-03-28,171.89178466796875,172.019029244763,168.36780145361686,168.53420969754978,90371900,0.005036468269857375
2022-03-29,175.18087768554688,175.22980987775352,172.61619451618012,172.95880948102644,100589400,0.019134672572813427
2022-03-30,174.01597595214844,175.81711647524634,172.96856432856262,174.77950323773482,92633200,-0.006649708283169242
2022-03-31,170.92269897460938,174.27047582290578,170.7171270473916,174.08448573079536,103049300,-0.01777582179230297
2022-04-01,170.6290283203125,171.18699858724577,168.30908127405286,170.35494237968112,78751300,-0.0017181489413556905
2022-04-04,174.6718292236328,174.72077634534207,170.75629847192283,170.88355800105404,76468400,0.02369351184331303
2022-04-05,171.36318969726562,174.53477477488693,170.73670541562527,173.7516656886956,73401800,-0.01894203284566931
2022-04-06,168.20138549804688,169.96337702443967,166.53728819844997,168.72019203962893,89058800,-0.01845089487890872
2022-04-07,168.50485229492188,169.69909027693134,166.26321768469555,167.5455515170426,77594700,0.0018041872602678755
2022-04-08,166.49818420410156,168.15249864853052,165.62697904501124,168.15249864853052,76575500,-0.011908666507170929
2022-04-11,162.24978637695312,165.46052001953282,162.0050657338506,165.1472853633742,72246700,-0.025516181137089977
2022-04-12,164.1194610595703,166.28278325109693,163.1209966207163,164.47185939466212,79265200,0.011523433863101618
2022-04-13,166.80162048339844,167.42810486793778,163.24828613297083,163.85518867958416,70618900,0.01634272624655142
2022-04-14,161.7995147705078,167.6532440657547,161.55479409572018,167.01696134936807,75329400,-0.02998835202196659
2022-04-18,161.58416748046875,163.08185675186522,160.11584349387897,160.45844346214486,69023900,-0.0013309513958957853
2022-04-19,163.86492919921875,164.2760730051198,160.4486387361769,161.53519893963082,67723800,0.014115007394061019
2022-04-20,163.6985626220703,165.3137281661249,162.59243524088046,165.1962520760154,67929800,-0.001015266524456715
2022-04-21,162.90567016601562,167.90776176039836,162.40644532626558,165.3430936610523,87227800,-0.00484361281708523
2022-04-22,158.37339782714844,164.32500539707067,158.08952846576778,162.9447923826861,84882400,-0.027821452342625008
2022-04-25,159.44041442871094,159.7242838315626,155.11375480994548,157.71757136622622,96046400,0.006737347409361494
2022-04-26,153.48880004882812,158.91180327087787,153.41048764569481,158.82370741856425,95623200,-0.03732814168357479
2022-04-27,153.26365661621094,156.41564486229873,152.0987839265491,152.61759051221244,88063200,-0.0014668394863049938
2022-04-28,160.18434143066406,161.0457628626786,155.57379800357486,155.88704759214835,130216800,0.045155420190601925
2022-04-29,154.32081604003906,162.69026417943107,153.92926902509257,158.4223359956449,131747600,-0.03660485998978269
2022-05-02,154.62428283691406,154.88857035171824,150.0333216240582,153.40067973909794,123055300,0.0019664670305803433
2022-05-03,156.1121826171875,157.31621889046943,153.01892515604405,154.8102670522691,88966500,0.009622678617968283
2022-05-04,162.51412963867188,162.96440737050813,155.89687222909777,156.29821776928353,108256500,0.04100863183229575
2022-05-05,153.45941162109375,160.61504020896953,151.6778383257631,160.38990141926735,130525300,-0.05571649700681447
2022-05-06,154.1848907470703,156.302387766656,151.14588956385867,152.93987884779835,116124600,0.00472749842002429
2022-05-09,149.06761169433594,152.76342612282588,148.5088364921623,151.88112823098254,131577900,-0.03318923811496499
2022-05-10,151.46937561035156,153.65550196924158,149.92046680625165,152.45950928453797,115366700,0.01611190981539612
2022-05-11,143.6169891357422,152.39085681137783,142.94056542836282,150.4792343504193,142689800,-0.05184141311052404
2022-05-12,139.75453186035156,143.3228989996902,136.06853101088905,139.96040581157675,182602000,-0.02689415297336417
2022-05-13,144.21499633789062,145.18551933414366,140.29371306035543,141.74458368466105,113990900,0.031916421014497987
2022-05-16,142.6759033203125,144.616949555646,141.34266624082053,142.68571610317943,86643800,-0.01067221202136348
2022-05-17,146.30311584472656,146.82268479374127,143.79348144376362,145.9305890667493,78336300,0.025422740911412722
2022-05-18,138.04881286621094,144.46010573899827,137.1469043666091,143.960147405131,109742900,-0.05641918786798794
2022-05-19,134.64707946777344,138.87226008655338,133.91183880440775,137.12729010884627,136095600,-0.024641525905291672
2022-05-20,134.88233947753906,137.93113785871375,130.00034593006458,136.3528207232791,137426100,0.0017472344049016542
2022-05-23,140.29373168945312,140.44077384848245,134.94117272312687,135.07841705772444,117726300,0.0401193531553119
2022-05-24,137.59786987304688,139.176187438702,134.6274981436638,138.03901137531423,104132700,-0.019215839395972933
2022-05-25,137.75466918945312,138.99966571047085,135.61756228135172,135.70578755446192,92482700,0.001139547556593179
2022-05-26,140.95050048828125,141.49947765357643,134.4411720339845,134.68625219409884,90601500,0.02319944084387382
2022-05-27,146.6952362060547,146.7344424649416,142.40142537012454,142.52887188890233,90978500,0.04075711471667365
2022-05-31,145.91098022460938,147.69517170019813,143.95033814163904,146.1364648342796,103718400,-0.005346158482908869
2022-06-01,145.78353881835938,148.75391017683245,144.773794451972,146.95010821381516,74286600,-0.0008734188890638928
2022-06-02,148.2343292236328,148.2931460840145,143.96992734384497,144.9208398093746,72348100,0.016811160060581587
2022-06-03,142.51907348632812,145.05810131692076,141.61717995046743,144.0091506541789,88570300,-0.0385555476065359
2022-06-06,143.2640838623047,145.6462712304333,142.0484806619193,144.13656879270374,71598400,0.005227443301110357
2022-06-07,145.78353881835938,146.06782531945106,141.26425852389363,141.50933876771822,67808200,0.01758608918670923
2022-06-08,145.04827880859375,146.9206802540853,144.55811838609154,145.6560729457736,53950200,-0.005043505019326822
2022-06-09,139.83299255371094,145.0384948829892,139.72515664096548,144.18562036487367,69473000,-0.035955519760182186
2022-06-10,134.43141174316406,137.9899664897166,134.36278209908923,137.51941663931075,91437900,-0.038628800770834415
2022-06-13,129.28472900390625,132.53938671229503,128.85338540144875,130.25523715092532,122207100,-0.03828482251671006
2022-06-14,130.1474151611328,131.25518271689248,128.89260543359612,130.51014411570253,84784300,0.006672761461258947
2022-06-15,132.76483154296875,134.63724775917188,129.5591934714462,131.64726649009233,91533000,0.020111166853336027
2022-06-16,127.5005340576172,129.7846835531672,126.50060254968962,129.4807864670593,108123900,-0.039651294881112964
2022-06-17,128.9710235595703,130.4611156124141,127.25546187351353,127.5103548974603,134520300,0.011533202686732302
2022-06-21,133.19622802734375,134.36281257312174,130.69642109612053,130.79444423466086,81000500,0.03276088187221271
2022-06-22,132.6864471435547,135.04900927487205,131.2747825760473,132.13745484401576,73409200,-0.003827292193923193
2022-06-23,135.54898071289062,135.86267563561398,132.96093402675356,134.1275183400123,72433800,0.021573669586909094
2022-06-24,138.8722381591797,139.1173183416044,137.01943257838917,137.1468641014651,89116800,0.024517022767792884
2022-06-27,138.8722381591797,140.66622688954945,138.19581446232633,139.8917651363233,70207900,0.0
2022-06-28,134.7353057861328,140.59762053174873,134.61767206581916,139.3330131628478,67083400,-0.029789484405839284
2022-06-29,136.4900665283203,137.90173093297278,133.98044756827542,134.75490940956817,66242400,0.01302376338517286
2022-06-30,134.0294952392578,135.6470189893978,131.13755113159218,134.54906419941244,98964500,-0.01802747519763248
2022-07-01,136.19598388671875,136.3038197907336,132.9903451154339,133.36285690870372,71051600,0.01616426775012103
2022-07-05,138.7742156982422,138.82323473193733,134.2353254229341,135.05880629688934,73353800,0.018930307179012562
2022-07-06,140.10745239257812,141.28383440664965,138.30366564043456,138.56835645511603,74064300,0.009607236384855389
2022-07-07,143.46995544433594,143.66601661315485,140.46036340026106,140.4701612232241,66253700,0.023999458946238894
2022-07-08,144.14639282226562,144.64636610420064,142.1465445700594,142.40142264422443,64547800,0.004714836467570649
2022-07-11,142.01905822753906,143.75423009408246,140.95051223046443,142.80331779694055,63141600,-0.014758153520703088
2022-07-12,142.98960876464844,145.52863633565593,142.19555121961218,142.89157069008422,77588800,0.006833945733919711
2022-07-13,142.62689208984375,143.56799177024092,139.3232005090592,140.17608985764943,71185600,-0.002536664572610259
2022-07-14,145.54823303222656,146.0187828364424,140.43095716603992,141.24462523992875,78140700,0.020482399213625158
2022-07-15,147.21478271484375,147.8912065060331,145.2835494113212,146.83245817528143,76259900,0.011450153999795987
2022-07-18,144.17579650878906,148.58724039251226,143.81306761767442,147.77357228115997,81420900,-0.020643213609473077
2022-07-19,148.02845764160156,148.25392726287154,144.01894870347078,145.0090674390563,82982400,0.02672196877773203
2022-07-20,150.02830505371094,150.6949310490213,147.41085002655058,148.14609070693865,64823400,0.013509884815197548
2022-07-21,152.29286193847656,152.50853373902038,148.94996398855773,151.45958316742,65086600,0.015094197617942173
2022-07-22,151.0576629638672,153.2045683993023,150.39105184778396,152.33208328648058,66675400,-0.008110682003654057
2022-07-25,149.94007873535156,151.9889458272938,149.28326552705713,150.97921649648936,53623900,-0.007398394802274666
2022-07-26,148.6166534423828,150.07732200029463,147.83239373585778,149.2636538636445,55138700,-0.008826361197959876
2022-07-27,153.70449829101562,154.23387992265205,149.16562296270044,149.57735592146827,78620700,0.03423468858155476
2022-07-28,154.25347900390625,154.53776544520662,151.37133354934207,153.89075014754778,81378700,0.0035716632824318584
2022-07-29,159.3119659423828,160.4099356728857,156.36120501340108,158.06696899861157,101786900,0.03279334100690501
2022-08-01,158.3316192626953,160.3706884793457,157.72382510643268,157.84145882480365,67829400,-0.0061536286611518776
2022-08-02,156.8611297607422,159.2139087149108,156.48861801917639,156.94937000342367,59907000,-0.009287402660320021
2022-08-03,162.86073303222656,163.31167231688755,157.58660124880873,157.67482654904526,82507500,0.0382478647236284
2022-08-04,162.5469970703125,163.89984462441896,161.19414951620604,162.7430582477967,55474100,-0.0019264064214421506
2022-08-05,162.32119750976562,162.8120387299593,160.0142377831412,160.22039768650808,56697000,-0.0013891340019600573
2022-08-08,161.8500213623047,164.7361708864107,161.19229575323052,163.32254540690658,60276900,-0.0029027394738915246
2022-08-09,161.8990936279297,162.78261696114208,160.25968547297944,161.0155852740051,63135500,0.00030319591688621195
2022-08-10,166.13998413085938,166.23814341245296,163.8428352480907,164.60854654925055,70170500,0.026194652532619767
2022-08-11,165.40370178222656,167.85790820975464,165.10919401506573,166.9449356294848,57149200,-0.004431698681594209
2022-08-12,168.94757080078125,169.01628078921996,166.29701596444957,166.70933581222894,68039400,0.02142557258616029
2022-08-15,170.01760864257812,170.21394216296972,168.21131628811554,168.3782005294128,54091700,0.006333549732174815
2022-08-16,169.8605499267578,170.52810192661653,168.51564947224608,169.61512926108554,56377100,-0.0009237791136710305
2022-08-17,171.3527069091797,172.92339013736907,169.4089794863745,169.60531301748716,79542000,0.008784599973715279
2022-08-18,170.96002197265625,171.6962839363271,169.94889007422466,170.56735491708034,62290100,-0.002291676295090972
2022-08-19,168.378173828125,170.55751001123525,168.1720139278697,169.8605088981945,70346300,-0.01510205786557628
2022-08-22,164.50057983398438,166.74862666169574,164.07844847706937,166.58174239756778,69026800,-0.023029077379700946
2022-08-23,164.16677856445312,165.6196796113523,163.5974008535258,164.0195321647684,54147100,-0.0020291798963147922
2022-08-24,164.46127319335938,165.03065085876125,163.20472075222654,164.2551282502834,53841500,0.0017938746893948476
2022-08-25,166.91546630859375,167.02345197761028,165.2662469773801,165.6883632421721,51218200,0.014922620186388569
2022-08-26,160.62294006347656,167.9168512892463,160.56404149028532,167.44564772442519,78961000,-0.0376988806626436
2022-08-29,158.42393493652344,159.91608162954805,156.89251255304256,158.19813716461735,73314000,-0.013690479865977379
2022-08-30,155.99920654296875,159.58234252318653,154.83100169515882,159.16022613846985,77906200,-0.015305316046632877
2022-08-31,154.3401641845703,157.63861884578063,154.26162776653078,157.37356030730842,87991100,-0.010634941004917686
2022-09-01,155.06655883789062,155.51812435449008,151.83681534634707,153.77073087696763,74229900,0.004706452511296089
2022-09-02,152.95596313476562,157.42262194968552,152.13135334781393,156.82379496598037,76957800,-0.013610901789156582
2022-09-06,151.6993865966797,154.2124912520568,150.8747769402501,153.60385293125665,73714800,-0.00821528309412034
2022-09-07,153.10321044921875,153.80019664109167,150.7962505650505,151.98409298992328,87449600,0.009253985029427758
2022-09-08,151.63075256347656,153.49594414619887,149.88334316015758,151.8074483015208,84923800,-0.00961742004901045
2022-09-09,154.4873809814453,154.92915012061422,151.91537744584716,152.62219009337275,68028800,0.01883937373965683
2022-09-12,160.43637084960938,161.2511691580026,156.38203213199495,156.6667134786447,104956000,0.03850793398380259
2022-09-13,151.02203369140625,157.5993035102858,150.5606417135221,156.97102730327344,122656600,-0.05867956940404728
2022-09-14,152.46510314941406,154.22232317214238,150.79624593389804,151.95462406702927,87965400,0.009555357074296333
2022-09-15,149.5789794921875,152.3964188629796,148.60712326254628,151.81721471946022,90481100,-0.01892973275594867
2022-09-16,147.93955993652344,148.57766259301448,145.65223775657734,148.44022763272653,162278800,-0.010960226906412962
2022-09-19,151.6503143310547,151.7288507316376,146.36887246061372,146.57501740526791,81474200,0.025082908156029537
2022-09-20,154.02603149414062,155.18442503374376,150.27601083725375,150.5901415565976,107689800,0.0156657582515769
2022-09-21,150.9042510986328,155.83230196535132,150.78645397951445,154.4579373320565,101696800,-0.020267875275528202
2022-09-22,149.94223022460938,151.6405372059972,148.1457489754599,149.58882383167358,86652500,-0.006375041571192397
2022-09-23,147.67446899414062,148.69542702843185,145.83872778960915,148.4205571682651,96029900,-0.015124233026757694
2022-09-26,148.00828552246094,150.95333323742267,146.8989794231201,146.91861726875362,93339400,0.00226048910549026
2022-09-27,148.98013305664062,151.88591989139582,147.20329010150107,149.9421927062511,84442700,0.006566169797515897
2022-09-28,147.09530639648438,147.8806554147203,142.18689375661808,144.93560783080054,146691400,-0.01265153025094734
2022-09-29,139.87013244628906,144.03247205665744,138.1031007730531,143.42383363893248,128138200,-0.049118997248766005
2022-09-30,135.6685028076172,140.47875548865403,135.47216932618974,138.69208635531004,124925300,-0.030039505684212653
2022-10-03,139.8406524658203,140.4493057292082,135.1678497151715,135.6783287485433,114311700,0.030752529672413154
2022-10-04,143.42384338378906,143.5416405102459,141.61753589548164,142.37343574191996,87830100,0.025623385294519796
2022-10-05,143.71829223632812,144.68035173905943,140.39038961833376,141.4309855077748,79471000,0.00205299792274527
2022-10-06,142.76609802246094,144.83744897574383,142.55995305808347,143.13914221609966,68402200,-0.006625421155863842
2022-10-07,137.52391052246094,140.47878470691822,136.8956342636469,139.9290298735793,85925600,-0.036718713844622
2022-10-10,137.84788513183594,139.29095992216133,136.03178109548642,137.84788513183594,74899000,0.00235576932145265
2022-10-11,136.4342498779297,138.76084793369003,135.68817645989057,137.33739611427865,77033700,-0.010255037663829736
2022-10-12,135.8059539794922,137.78895683135124,135.6292583188671,136.58149154588781,70433700,-0.004605118575428446
2022-10-13,140.3708038330078,140.9598044199806,131.90868942611982,132.5173428390662,113224000,0.033613031827786743
2022-10-14,135.84524536132812,141.87277603175662,135.65872326737428,141.66661609125816,88598000,-0.03224002675843851
2022-10-17,139.80140686035156,140.28242169324201,137.70060693296034,138.48595592005591,85250900,0.02912256140066316
2022-10-18,141.11685180664062,144.01281203046764,138.03436952113134,142.8249846575733,99136600,0.009409382751083939
2022-10-19,141.224853515625,142.2948839097448,138.9080820775627,139.09460416043055,61758300,0.0007653353061785051
2022-10-20,140.7634735107422,143.21768011702426,140.0370229627389,140.40025572638473,64522000,-0.0032669887303636846
2022-10-21,144.57241821289062,145.14179598739213,140.03703386545854,140.2530052619691,86548600,0.027059183800673736
2022-10-24,146.71246337890625,147.47817461798252,143.3256613631015,144.49386606815804,75981900,0.014802582625852656
2022-10-25,149.54953002929688,149.69679141311283,146.62411995147127,147.34074408565283,74732300,0.019337598081653695
2022-10-26,146.61428833007812,149.20592954793565,145.32827166402765,148.19479776463467,88194300,-0.019627221153043606
2022-10-27,142.1476287841797,146.3197794029668,141.48990330767347,145.35773474859954,109180200,-0.03046537685223749
2022-10-28,152.8872833251953,154.61503964551486,145.11235741482145,145.48538668963585,164762400,0.07555282232193594
2022-10-31,150.53121948242188,151.41474288743174,149.13723186575905,150.35452378899333,97943200,-0.01541046313029204
2022-11-01,147.8904571533203,152.60253597457515,146.3983105936967,152.23931825640548,80379300,-0.01754295446606635
2022-11-02,142.37342834472656,149.3826416112209,142.34397906464244,146.22162239502856,93604600,-0.03730483301484533
2022-11-03,136.3360595703125,140.18425286730874,136.20843606207234,139.45780248243508,97918500,-0.0424051653781623
2022-11-04,136.070556640625,140.2889534742064,132.13731334421504,139.71863139573108,140814800,-0.0019474153098181235
2022-11-07,136.60157775878906,136.8277351131925,133.40581664759068,134.82178704829124,83374600,0.003902542410894494
2022-11-08,137.17184448242188,139.0696269567909,135.19539535050632,138.0666608323667,89908500,0.004174671573997424
2022-11-09,132.619140625,136.23773265765962,132.34381476431366,136.18856411022261,74917800,-0.03318978376794579
2022-11-10,144.41888427734375,144.41888427734375,137.17188688278108,138.88285345399055,118854000,0.08897466532157106
2022-11-11,147.20167541503906,147.5064994693465,141.9606252113591,143.3864383750097,93979700,0.019268886833048837
2022-11-14,145.80538940429688,147.7720118834529,144.96956884900007,146.48387656026793,73374100,-0.009485530696612843
2022-11-15,147.53599548339844,151.02675299903876,146.0806992107757,149.67962155098414,89868300,0.011869287453448285
2022-11-16,146.3068389892578,147.36881668355312,144.83187247009243,146.6411761367448,64218300,-0.008331231236914927
2022-11-17,148.2046356201172,148.9519465811487,143.71089713297823,143.98622301357588,80389400,0.012971346001116935
2022-11-18,148.76513671875,150.15160903599656,147.46717380781297,149.76811828911318,74829600,0.003781940398069006
2022-11-21,145.53988647460938,147.8605015253363,145.25473282614936,147.6540145740021,58724100,-0.021680148422396628
2022-11-22,147.67364501953125,147.9096450709946,144.47788413446048,145.65786938764137,51804100,0.014660988108535555
2022-11-23,148.54881286621094,149.29612388958984,146.84767388557262,146.95583870512687,58301400,0.005926364494923453
2022-11-25,145.6382293701172,146.39538323134536,144.6647458342524,145.83488861865806,35195900,-0.01959344837521615
2022-11-28,141.8131103515625,144.19272111621666,140.9871327315936,142.7177546502144,69246000,-0.02626452570247706
2022-11-29,138.8140106201172,142.39326202258005,138.00770341068628,141.8819361067611,83763800,-0.02114825437514467
2022-11-30,145.5595245361328,146.23801151936658,138.20436253781247,139.04016787618127,111380900,0.04859389830955618
2022-12-01,145.8348388671875,146.6411610165093,144.16321331865586,145.73651677852905,71250400,0.001891420928531229
2022-12-02,145.34323120117188,145.53006273642814,143.21927533321448,143.52411441944975,65447400,-0.003370989194587004
2022-12-05,144.1829071044922,148.4013049961633,143.33725898348703,145.3038811249747,68826400,-0.00798333769718984
2022-12-06,140.52499389648438,144.8417290558683,139.55151049910586,144.61557170242608,64727200,-0.025369950443271727
2022-12-07,138.587890625,140.97732977170875,137.663575645007,139.817029693259,69721100,-0.013784759691299553
2022-12-08,140.26931762695312,141.12480845757423,138.7451974772698,139.9841640195035,62128300,0.012132567963696328
2022-12-09,139.78750610351562,143.14060047218985,138.54852454565471,139.96449489513216,76097000,-0.0034349031676256248
2022-12-12,142.07861328125,142.0884409898644,138.7058487137347,140.31847817047847,70462700,0.016389928124461717
2022-12-13,143.04226684570312,147.4671667934874,141.83279839446703,147.00500937638787,93886200,0.006782537795083421
2022-12-14,140.82000732421875,144.2124280542218,138.80421630941913,142.9242927483946,82291200,-0.015535684455290966
2022-12-15,134.2220001220703,139.43355331078834,133.75984258432243,138.75506607434394,98931900,-0.04685418874434111
2022-12-16,132.2651824951172,135.35277902524194,131.4982009688156,134.4088086870883,160156900,-0.014578963397754996
2022-12-19,130.16090393066406,132.94367653807714,129.12843913282236,132.8551821275431,79592600,-0.01590954266842526
2022-12-20,130.09205627441406,131.0261987808424,127.72227301817315,129.19723960857664,77432800,-0.0005289426715004986
2022-12-21,133.18946838378906,134.52677190815584,130.53453175568677,130.76068907847488,85928000,0.02380938696857382
2022-12-22,130.02322387695312,132.31434056379908,128.12544063659777,132.10785363301125,77852100,-0.023772484005359362
2022-12-23,129.65939331054688,130.21004508793624,127.47644161865645,128.73507853958517,63814900,-0.0027981967802195307
2022-12-27,127.85993194580078,129.2169059676245,126.57179689801647,129.18740783707491,69007800,-0.013878372548267404
2022-12-28,123.93653106689452,128.84325132058044,123.76936998157427,127.50594763388183,85438400,-0.030685147561077764
2022-12-29,127.44696807861328,128.30244404039559,125.59834568207035,125.8540011982905,75703700,0.028324473676159423
2022-12-30,127.76161193847656,127.78128236285382,125.30334153820444,126.26698977683235,77034200,0.002468821852781966
2023-01-03,122.98271942138672,128.7154174535332,122.09773792777466,128.10576937065363,112117500,-0.037404760667790526
2023-01-04,124.25118255615234,126.51280092971427,122.9925456360047,124.77233620258212,89113600,0.010314157474591079
2023-01-05,122.93354034423828,125.63764564758301,122.67788488068354,125.00832719533365,80962700,-0.01060466536258986
2023-01-06,127.456787109375,128.11560378272642,122.80572954739813,123.90704074173942,87754700,0.03679424469897086
2023-01-09,127.9779281616211,131.18353181246084,127.72227268810083,128.2925949020793,70790800,0.004088766585641945
2023-01-10,128.54824829101562,129.06940194282927,125.98180587179891,128.08609090104719,63896200,0.0044563944547866274
2023-01-11,131.26222229003906,131.2818777117784,128.2827904454057,129.05959971999454,69458900,0.021112493053031534
2023-01-12,131.18353271484375,132.0193381171801,129.24640871746402,131.6456901154858,71379600,-0.0005994837952799648
2023-01-13,132.510986328125,132.6683196907436,129.46273119909978,129.82655147153693,57809700,0.010119056758189027
2023-01-17,133.67129516601562,134.99875596810472,131.8915047175872,132.5798193932039,63646600,0.008756321796725919
2023-01-18,132.95346069335938,136.29671143241532,132.77645694611428,134.5365916913309,69672800,-0.005370146760115713
2023-01-19,133.01251220703125,133.9761529962307,131.5375453850544,131.84236946093412,58280400,0.00044415176080359053
2023-01-20,135.56910705566406,135.71661273457056,131.98002726434026,133.02233471040634,80223600,0.01922070943712062
2023-01-23,138.75503540039062,140.92815961902411,135.59860004292767,135.81492969380113,81760300,0.02350040074704074
2023-01-24,140.1512908935547,140.77078151554045,137.9585119517288,137.9683396585056,66435100,0.010062737464878513
2023-01-25,139.4925079345703,140.0529874380773,136.49340619294276,138.53869500355867,65799300,-0.004700512958419556
2023-01-26,141.55747985839844,141.8426334902846,139.53184628445516,140.78065564701856,54105100,0.014803461163639842
2023-01-27,143.49459838867188,144.77290596887224,140.69217042868402,140.7708371263728,70555800,0.013684324786024549
2023-01-30,140.6134796142578,143.12092578303154,140.46598895897412,142.54077586673455,64015300,-0.020078238531392123
2023-01-31,141.88192749023438,141.931096037562,139.90547792238985,140.31846671250062,65874500,0.009020812794450883
2023-02-01,143.00294494628906,144.16325999959267,138.96155019582764,141.56731895311415,77663600,0.007901058830285912
2023-02-02,148.30296325683594,148.65694079146772,145.69718026187857,146.4149930473278,118339000,0.03706230184656345
2023-02-03,151.9215850830078,154.75352622762708,145.3629009773319,145.5595602225663,154357300,0.0244001990702305
2023-02-06,149.19778442382812,150.54493079230497,148.26364190831887,150.02377712562708,69858300,-0.01792899052291641
2023-02-07,152.06906127929688,152.63938353904294,148.12598902287087,148.12598902287087,83322600,0.019244768724663297
2023-02-08,149.38461303710938,152.0002240332312,148.64712974900903,151.31190929849808,64120100,-0.01765282312920391
2023-02-09,148.35214233398438,151.75440537570756,147.9096553354024,151.213581264491,56007100,-0.006911492971960365
2023-02-10,148.7165069580078,149.0414968354293,146.95369947058745,147.1900598433605,57450700,0.0024560792873697945
2023-02-13,151.51339721679688,151.91715888947925,148.62788900472555,148.65743217523777,62199000,0.01880685820289485
2023-02-14,150.8732452392578,151.4345954776921,148.56878800441328,149.80964612462722,61707600,-0.004225051970969118
2023-02-15,152.9709014892578,153.1383177826238,150.55811427879883,150.78461690781828,65573800,0.013903434281363092
2023-02-16,151.37551879882812,153.95572244720177,151.02098573800205,151.17854429955682,68167900,-0.010429321360453159
2023-02-17,150.233154296875,150.6763169294936,148.55897600306773,150.03619479649413,59144100,-0.007546560441330508
2023-02-21,146.22496032714844,149.00213887625634,146.15603126407484,147.9188390818426,58867200,-0.026679823028983307
2023-02-22,146.64842224121094,147.67262055430007,144.9250004924314,146.60902132895072,51011300,0.002895961900862165
2023-02-23,147.13101196289062,148.05673830895404,145.00382794286435,147.81053513296055,48394200,0.003290793820378779
2023-02-24,144.48182678222656,144.95453250364176,143.50685714395402,144.87574571223192,55469600,-0.018005620605207606
2023-02-27,145.67344665527344,146.90446214048941,145.21058363066865,145.46664446890208,44998500,0.008247541573813022
2023-02-28,145.17120361328125,146.8158385647427,144.6000106018143,144.8166705381309,50547000,-0.0034477322636616847
2023-03-01,143.10308837890625,144.9939263960711,142.80764165155819,144.60000744430354,55479000,-0.014246043174541811
2023-03-02,143.6939697265625,144.48182259076125,141.71448733904464,142.18720807379,52238100,0.004129060765563075
2023-03-03,148.73622131347656,148.81500811176437,145.09241829817535,145.79162671403117,70732300,0.035090210093777996
2023-03-06,151.4936981201172,153.92618602775224,151.1293223291666,151.4542972077173,87558000,0.01853937650351467
2023-03-07,149.29754638671875,151.69063299374776,148.83468341689917,151.3656431408717,56182000,-0.014496654056574299
2023-03-08,150.5482940673828,151.1391876253047,149.52409559763862,150.4892077170001,47204800,0.00837755014020325
2023-03-09,148.30288696289062,152.19289270805663,147.9483539187185,151.22778082054958,53833600,-0.014914862492478198
2023-03-10,146.24464416503906,148.64758887079853,145.36816171354923,147.92868001277867,68572400,-0.013878642823498044
2023-03-13,148.18475341796875,150.8142012619364,145.45681830298673,145.56514829028342,84457100,0.013266190115928334
2023-03-14,150.27252197265625,151.07021762009597,147.82034869008896,148.98242012042218,73695900,0.014088956566258526
2023-03-15,150.6664581298828,150.92250395033966,147.64307677577528,148.8937927615987,77167900,0.0026214783119047347
2023-03-16,153.4830322265625,154.08376844517147,149.33696504123728,149.84907174243986,76161100,0.01869410173730679
2023-03-17,152.6459197998047,154.35949876084172,151.93685367986137,153.70951897971963,98944600,-0.005454104044036012
2023-03-20,155.0094757080078,155.42311016638172,151.80883520237765,152.71487589238697,73641400,0.015483911468468614
2023-03-21,156.8609161376953,156.9790888157361,154.1625247817563,154.93069227015488,73938300,0.011944046783146867
2023-03-22,155.43295288085938,159.67749219321786,155.41325242402124,156.88062840402722,75701800,-0.009103371904206181
2023-03-23,156.51622009277344,159.09643867673987,155.28520465118157,156.41774787367245,67622100,0.006969353614123319
2023-03-24,157.81622314453125,157.90485267428312,155.452678855526,156.44733419696482,59196500,0.008305867922105747
2023-03-27,155.87612915039062,158.3283178086609,155.4723523985585,157.51092158923748,52390300,-0.012293374885570807
2023-03-28,155.25567626953125,156.0829301456233,153.6110412861723,155.57082346557496,45992200,-0.003980422687175911
2023-03-29,158.32830810546875,158.60405440029712,156.92987617396892,156.94956160428092,51305700,0.019790785817088263
2023-03-30,159.89414978027344,160.00247975071784,158.82070781762587,159.07675364456477,49501700,0.009889840253719084
2023-03-31,162.39559936523438,162.49408664068446,159.4510191700869,159.97296867046583,68749800,0.015644409682270544
2023-04-03,163.64627075195312,163.76444342844442,161.725889623748,161.7751332479675,56976200,0.007701387178022934
2023-04-04,163.11448669433594,164.30610131295074,162.60238002597387,164.06975594835677,46278300,-0.003249594721429605
2023-04-05,161.27284240722656,162.54325857569117,159.34261888709125,162.23796919433602,51511700,-0.01129050107339935
2023-04-06,162.1592254638672,162.45467221127325,159.53962067833683,159.96308282888376,45390100,0.005496170610067352
2023-04-10,159.5691680908203,159.5691680908203,157.6487867222166,158.96843186504725,47716900,-0.015972309719893163
2023-04-11,158.3578338623047,159.8941387722609,158.0722298566841,159.88429605818737,47644200,-0.007591279963471309
2023-04-12,157.66847229003906,159.59869619161648,157.35332510698044,158.77145737665472,50133100,-0.004353188948423181
2023-04-13,163.04554748535156,163.28190788405584,158.96842452673738,159.1752417539843,68445600,0.034103680445517925
2023-04-14,162.7008514404297,163.79399372639534,161.33196290458474,162.09025757823102,49386500,-0.0021141089115165324
2023-04-17,162.72055053710938,162.8781241294329,161.53877864877254,162.5826774005875,41516200,0.00012107555987128649
2023-04-18,163.94171142578125,164.86743742961687,163.13415809407996,163.57733566867122,49923000,0.007504650670373536
2023-04-19,165.0841064453125,165.60605581206516,163.0258371209191,163.28189796071484,47720200,0.006968299950000478
2023-04-20,164.11900329589844,165.3204757933169,163.04556123695718,163.56751067945328,52456400,-0.005846130013332118
2023-04-21,162.5137481689453,163.9220227028112,161.991798793606,162.5432913390932,58337300,-0.009781043600776251
2023-04-24,162.8190460205078,163.0849495926161,161.40091367199096,162.49405610505224,41949600,0.0018785970725696544
2023-04-25,161.28274536132812,163.78416246885476,161.24334444666383,162.68117729099055,48714100,-0.009435632358306467
2023-04-26,161.27284240722656,162.76976117685115,160.32743109896813,160.58347686432109,45498800,-6.140119998188087e-05
2023-04-27,165.8522491455078,165.99996498511996,162.68115222078845,162.68115222078845,64902300,0.028395399187656656
2023-04-28,167.10301208496094,167.27044346812693,165.3303612427608,165.93109759214394,55275900,0.007541428867544608
2023-05-01,167.01431274414062,167.86125191507637,166.07874407354768,166.70902333840385,52472900,-0.0005308063553948195
2023-05-02,165.9802703857422,167.76279339985444,164.99545801480568,167.50673256610264,48425700,-0.006191339780456717
2023-05-03,164.90684509277344,168.32414556576836,164.6212560883793,166.925713661642,65136000,-0.006467186072622311
2023-05-04,163.27203369140625,164.50304913491388,161.8145156138655,162.38570858289833,81235400,-0.009913544828581644
2023-05-05,170.93389892578125,171.65280778469676,168.1665634032941,168.38322333782398,113453200,0.04692699087007379
2023-05-08,170.86492919921875,171.2096195052504,169.49604074216262,169.86041647416434,55962800,-0.0004034877048726404
2023-05-09,169.1612548828125,170.90436226614003,168.9938385535857,170.42181373691182,45326900,-0.009970883576815637
2023-05-10,170.92405700683594,171.38692008917508,169.28926463206565,170.3922648627901,53724500,0.010420838538024668
2023-05-11,171.11114501953125,171.9383837832071,169.55513971049686,171.2096322648924,49514700,0.00109456805537822
2023-05-12,170.18414306640625,171.6535334613317,168.63584185680983,171.2196142676148,45533100,-0.00541754280832607
2023-05-15,169.69107055664062,170.81530899814229,169.09935977781652,170.7659972586019,37266700,-0.0028972882013644785
2023-05-16,169.69107055664062,170.74626955321972,169.42479920138675,169.61217478294208,42110300,0.0
2023-05-17,170.302490234375,170.53916250241704,168.06386972955488,169.3360433616003,57951600,0.0036031340702178394
2023-05-18,172.62986755371094,172.81724313624747,170.19401507639674,170.60820660461047,65496700,0.01366613791808291
2023-05-19,172.7383270263672,173.951317433895,172.52136743505932,173.951317433895,55809500,0.0006282775639765426
2023-05-22,171.7916259765625,172.2945846931845,171.0519949677244,171.57466634347682,43570900,-0.005480550067271328
2023-05-23,169.1881103515625,170.9829553293692,168.9119826700276,170.7364116817252,50747300,-0.015155078777560393
2023-05-24,169.46426391601562,170.03624707165045,168.16252108250686,168.724632860117,45143500,0.0016322279614051638
2023-05-25,170.59835815429688,171.49576564962197,169.31632809947834,170.02637505144457,56058300,0.006692232403896714
2023-05-26,173.00460815429688,173.33991896491864,170.71669083708804,170.92379413047703,54835000,0.014104766458676421
2023-05-30,174.84878540039062,176.51542312806916,174.1288820495124,174.5134895983742,55964400,0.010659700141911754
2023-05-31,174.79945373535156,176.87042648421155,174.3162227478627,174.87834951174753,99625300,-0.00028213902044615935
2023-06-01,177.6002197265625,177.6298037673365,174.483903683808,175.24326250861952,68901800,0.01602273880930616
2023-06-02,178.4482879638672,179.2668146743205,176.78165050926717,178.52718373632618,61996900,0.004775153086017614
2023-06-05,177.0972137451172,182.3929658521557,175.57849662924414,180.10504889865823,121946500,-0.007571236654417057
2023-06-06,176.7323760986328,177.62978364684957,174.97697127382227,177.48186345973468,64848400,-0.0020600981730263257
2023-06-07,175.361572265625,178.70470351330488,174.8684849721747,175.97299569419778,61944600,-0.0077563820691393115
2023-06-08,178.0735626220703,178.33981894141047,175.0065588784877,175.44046308150416,50214900,0.015465134814926174
2023-06-09,178.45819091796875,179.71062202681557,178.1327514419261,178.9907186665087,48900000,0.0021599404776033726
2023-06-12,181.2490081787109,181.34763164971682,178.46800386072707,178.76385922591572,54274900,0.01563849351148594
2023-06-13,180.77566528320312,181.60404834381112,179.91769818813273,180.2727216495119,54929100,-0.002611561300468357
2023-06-14,181.4068298339844,181.84074910193183,179.50351991974284,180.8348467124019,57462900,0.0034914243009007695
2023-06-15,183.4383544921875,183.9413132306641,181.23918907707676,181.4167083517838,65433200,0.01119872201097527
2023-06-16,182.3634185791016,184.4048073735327,181.7224110612984,184.14839232814637,101256200,-0.005859929980628342
2023-06-20,182.45216369628903,183.52710548415504,181.86046794433722,181.86046794433722,49799100,0.0004866388110011943
2023-06-21,181.41668701171875,182.84663717983523,180.0656175699355,182.34367850052172,49515700,-0.005675332446558157
2023-06-22,184.4146728515625,184.4639845971855,181.13070922445527,181.19974867789384,51245300,0.016525413892328977
2023-06-23,184.09906005859372,184.96689848868263,182.45215034536935,182.98469303577104,53117000,-0.001711429942577447
2023-06-26,182.7085723876953,185.4501365723536,182.6691169769034,184.24700235631448,48088700,-0.007552931940314367
2023-06-27,185.45999145507807,185.78543087633778,183.10303478095216,183.31999439512526,50730800,0.015059058430736405
2023-06-28,186.6335601806641,187.2745677103686,185.00637796044083,185.33180236622022,51216800,0.0063278808349900295
2023-06-29,186.9688415527344,187.4422162021352,186.32783407243755,186.4658979165552,46347300,0.0017964688223583991
2023-06-30,191.28829956054688,191.79124321876165,188.61575961709715,188.98065447297634,85213200,0.02310255533456984
2023-07-03,189.79917907714844,191.19954526937022,189.10884478636748,191.10092178559267,31458200,-0.007784691937873123
2023-07-05,188.6847686767578,190.311950580781,187.98457816150727,188.92145597370774,46920300,-0.005871523816958324
2023-07-06,189.15817260742188,189.36527592182694,186.58425595947688,187.21540718494302,45094300,0.0025089673850413607
2023-07-07,188.04379272460935,190.00628587990153,187.60988847797856,188.76371112125616,46815000,-0.005891259507593727
2023-07-10,186.00238037109372,187.36330604998784,184.45407912216882,186.6433878022031,59922200,-0.010856047540507063
2023-07-11,185.47976684570312,186.68290136167764,184.02023228698292,186.5448374851478,46638100,-0.002809714178646172
2023-07-12,187.1463623046875,189.04967210294507,185.86433228601203,187.05759515232103,60750200,0.008985322158458375
2023-07-13,187.90570068359372,188.54672319895087,187.15621340871894,187.8662603208446,41342300,0.004057457326741787
2023-07-14,188.0536346435547,188.53685056119244,187.00829198764853,187.59998771190843,41616200,0.0007872776580102325
2023-07-17,191.3080139160156,191.63345333608896,189.15814548736353,189.24689758888442,50520200,0.017305590921597558
2023-07-18,191.05160522460935,191.64331601668746,189.75971887799713,190.6768691009351,48288200,-0.0013402924747251133
2023-07-19,192.4026641845703,195.48938034906212,189.9865244553515,190.4303150490968,80507300,0.007071696457994214
2023-07-20,190.45993041992188,193.75375040663724,189.8386355247165,192.39282446393295,59581200,-0.010097229021656329
2023-07-21,189.28636169433597,192.2744696321092,188.5861710830146,191.41650251566858,71951700,-0.006161761809943211
2023-07-24,190.0851593017578,192.21530010696893,189.59207198839397,190.73603816687742,45377800,0.004220048397949316
2023-07-25,190.943115234375,191.75178560391285,190.2527960456413,190.65713123041024,37283200,0.004513534542984532
2023-07-26,191.8109436035156,192.93518195125802,190.64726489612826,190.99241694846552,47471900,0.004544957633457303
2023-07-27,190.5486602783203,194.47363103189025,189.8879250921341,193.3099522093675,47460200,-0.006580872297904383
2023-07-28,193.12257385253903,193.91151654263126,191.4559363697747,191.97860770429688,48291400,0.013507906959089544
2023-07-31,193.73399353027344,193.77344894031904,192.56044337061044,193.34938604539337,38824100,0.0031659669065993157
2023-08-01,192.9055938720703,194.0101044929012,192.58015448246934,193.52688862020202,35175100,-0.004275964393794851
2023-08-02,189.91751098632807,192.48155598125388,189.19760772385698,192.3434921357412,50389300,-0.01548987162976656
2023-08-03,188.52700805664065,189.71041463976601,188.0536484329567,188.92148694956984,61235200,-0.007321615171059781
2023-08-04,179.4739227294922,184.78940327661547,179.40488328381886,182.95511789971007,115956800,-0.048020097600172895
2023-08-07,176.37733459472656,180.59816071157974,174.89807268327345,179.6119861039443,97576100,-0.017253693949916493
2023-08-08,177.314208984375,177.77771228390873,175.12490000933562,177.20572916857282,67823000,0.00531176180772408
2023-08-09,175.7264862060547,178.4285954688005,174.56279214243577,178.36942738973787,60378500,-0.00895428960495892
2023-08-10,175.5094757080078,178.25103959448677,175.1445959609342,176.99859377509202,54686900,-0.0012349333485927039
2023-08-11,175.56874084472656,176.3883728930982,174.34424265962002,175.10462674008653,52036700,0.0003376748547603281
2023-08-14,177.21791076660156,177.44503302668653,175.0947628987085,175.746520759633,43675600,0.009393300390150516
2023-08-15,175.23297119140625,177.2376075606865,174.83797474088598,176.64511288490613,43622600,-0.011200558491006651
2023-08-16,174.36399841308594,176.30937200366554,174.29486573787133,174.91699954220002,46964900,-0.004958957052500934
2023-08-17,171.8260955810547,175.29223725703497,171.31258808782235,174.9268647491592,66062900,-0.014555199783952588
2023-08-18,172.30996704101562,172.9123464424467,169.81157749118245,170.14732599213767,61172200,0.0028160533958747624
2023-08-21,173.64309692382812,173.92948217703207,171.56934282132403,172.88272795365145,46311900,0.007736812360338741
2023-08-22,175.0157470703125,175.46012191641384,174.04799506153495,174.8478727981476,42038900,0.007905008438582106
2023-08-23,178.85716247558594,179.2817980823254,176.10202612434662,176.289654759779,52722800,0.021948970133128354
2023-08-24,174.1763458251953,178.83737622633825,173.810958290209,178.41274073112407,54945800,-0.026170697251386654
2023-08-25,176.37847900390625,176.91172570988553,173.62334339807447,175.1638506244018,51449600,0.01264312423295988
2023-08-28,177.9387664794922,178.33376298082638,176.31925671498092,177.8400098200833,43820700,0.008846246347046671
2023-08-29,181.8196563720703,182.58991008586239,177.2573820568172,177.45488030453177,53003900,0.02181025511956336
2023-08-30,185.30552673339844,185.50304002187465,182.43189523110905,182.6293934514369,60813900,0.019172131500428957
2023-08-31,185.52279663085935,186.75717945843076,185.1376697913831,185.49317264844964,60794500,0.0011724955066962917
2023-09-01,187.0929412841797,187.54718572230075,185.92767607044595,187.1225652663115,45766500,0.008463351576380784
2023-09-05,187.3299560546875,187.60645663383806,185.26607135025952,185.92769881238064,45280000,0.0012668290363120338
2023-09-06,180.62481689453125,186.49060789475487,179.20280512864025,186.04621791679895,81755800,-0.035793203080658476
2023-09-07,175.3415985107422,175.98348658181322,171.37181936653653,172.9913289322691,112488800,-0.029249681603132016
2023-09-08,175.953857421875,177.9881329660241,175.56873058484743,176.121746745329,65551300,0.0034918063730056126
2023-09-11,177.11912536621094,178.0473836718388,175.1243584797436,177.82026144859472,58953100,0.00662257685855705
2023-09-12,174.09735107421875,177.87950173703112,172.6358460753217,177.24749835360407,90370200,-0.017060688876734065
2023-09-13,172.0334930419922,175.0848841389881,171.80635572558617,174.30474566083996,84267900,-0.01185462052979036
2023-09-14,173.5443572998047,173.89986015970092,171.4113401404273,171.82609096561458,60895800,0.008782384354909967
2023-09-15,172.82347106933594,174.29486087176767,171.6483512368518,174.27510652680778,109259500,-0.004153901870882493
2023-09-18,175.74647521972656,177.13886254322455,173.96896109059597,174.2750855940285,67257600,0.01691323598759298
2023-09-19,176.832763671875,177.38576479928514,174.91699900323943,175.30212586469654,51826900,0.006180997091351559
2023-09-20,173.2974853515625,177.45487842056565,173.20859833310675,177.0203732393163,58436200,-0.01999221324659295
2023-09-21,171.7569580078125,174.0973581099587,171.6878404044714,172.36922214048295,63149100,-0.008889496236052064
2023-09-22,172.606201171875,174.86759879629756,171.87545623128412,172.4877052502978,56725400,0.004944446931948399
2023-09-25,173.880126953125,174.7590070374673,171.97423178505466,172.02361011818323,46172700,0.0073805331013656605
2023-09-26,169.8115997314453,173.01111068359924,169.51534481079926,172.63586851438868,64588900,-0.023398460151668132
2023-09-27,168.30072021484375,170.87811270067803,166.93797153448685,170.46336179203436,66921800,-0.008897386980577293
2023-09-28,168.55746459960938,169.8807195182162,165.5258128129139,167.2243249736919,56294400,0.0015255097211579471
2023-09-29,169.07098388671875,170.9077464641982,168.21184303928078,169.8708616906263,51861100,0.003046553223431392
2023-10-02,171.57920837402344,172.12233981703872,168.79443355791753,169.08081880430257,52164500,0.014835333832239783
2023-10-03,170.24606323242188,171.46070671019788,168.68581669291316,170.1078129668395,49594600,-0.0077698525027313226
2023-10-04,171.49032592773438,172.03345733749015,168.83393190668662,168.95242782585208,53020300,0.0073086136130726675
2023-10-05,172.72471618652344,173.25796291419545,170.5225664715738,171.61869897615148,48527900,0.007198016868363855
2023-10-06,175.27252197265625,175.76627518846593,171.01635659512883,171.62862082907643,57266700,0.0147506728763791
2023-10-09,176.75375366210938,176.81300162773064,173.60360623261292,174.60098214625398,42390800,0.008451020575171553
2023-10-10,176.16127014160156,177.47465549196244,175.72676490471198,175.87489990900735,43698000,-0.003352027938486879
2023-10-11,177.5536346435547,177.60301297187604,175.3811238107674,175.9736185461729,47551100,0.007903919521208724
2023-10-12,178.45228576660156,180.0619109305439,176.80313684087554,177.8202822818536,56743100,0.005061293872417494
2023-10-13,176.6155242919922,179.65703072033497,175.91438812346496,179.15340788479125,51427100,-0.01029273156529742
2023-10-16,176.48715209960938,176.8426550206093,174.3047562379969,174.54176320804768,52517000,-0.0007268454621836007
2023-10-17,174.93673706054688,176.19087429527403,172.61610626933813,174.44298390478113,57549400,-0.008784860657661042
2023-10-18,173.64309692382812,175.36136323860268,172.92222157401596,173.38635072108465,54764400,-0.007394902628548583
2023-10-19,173.26788330078125,175.6181383369893,173.0012523479638,173.84062376512662,59302900,-0.0021608323607097413
2023-10-20,170.72010803222656,173.2283676109075,170.48310107616433,173.11974130623128,64244000,-0.014704255745607075
2023-10-23,170.83859252929688,171.8359684831129,167.80694090892598,168.77470794688867,55980100,0.0006940277770204339
2023-10-24,171.27310180664062,171.50022404547477,169.30795876796012,170.88797493724758,43816600,0.002543390640901144
2023-10-25,168.96234130859375,170.89784530264086,168.51795139973865,169.73259505065448,57157000,-0.013491671918545722
2023-10-26,164.80494689941406,169.23885617849143,163.6001878537521,168.24146504420852,70625300,-0.024605449811959
2023-10-27,166.1183319091797,166.8490920877316,164.74569858206283,164.8247009041889,58499100,0.007969330013905651
2023-10-30,168.16244506835938,169.03145545417337,166.7601878982554,166.90832288755587,51131000,0.012305163046648193
2023-10-31,168.636474609375,168.76484019690602,165.80232095364974,167.23421730907862,44846000,0.0028188787384895164
2023-11-01,171.79647827148438,172.05322449399938,167.99457285522465,168.86358325166134,56934900,0.018738553859294793
2023-11-02,175.3515167236328,175.55888462715336,173.26787764016203,173.32712561259646,77334800,0.020693313902107713
2023-11-03,174.44297790527344,174.61086723243213,171.1842192438163,172.06309922812656,79829200,-0.005181242998834712
2023-11-06,176.99072265625,177.18822087218612,174.008464938874,174.1763391758271,63841300,0.014605028998989189
2023-11-07,179.54840087890625,180.1606499568927,176.73400192517136,176.9413698079054,70530000,0.014450916885760945
2023-11-08,180.60501098632807,181.1580120556029,179.3212498937122,180.07176426042716,49340300,0.00588482048433514
2023-11-09,180.13101196289062,181.81963914926845,179.5385022077218,180.67414339377055,53763500,-0.002624506489874334
2023-11-10,184.3136749267578,184.48178544542026,181.475802800193,181.9108804268445,66133400,0.023220115838403554
2023-11-13,182.7315826416016,183.9478113332898,182.14818998578377,183.7401702602705,43627500,-0.008583694540217457
2023-11-14,185.34202575683597,186.0045247766197,184.214786141562,185.5991101996175,60108400,0.014285670147969665
2023-11-15,185.90565490722656,187.3789832148446,185.67823345303117,185.7474572062222,53790500,0.0030410218518386323
2023-11-16,187.58665466308597,188.82266388785246,186.5385061665612,187.4482222334322,54412900,0.009042219596269385
2023-11-17,187.5668792724609,188.24915879673333,186.45941980581802,188.1206090057824,50922700,-0.00010542002926905436
2023-11-20,189.30714416503903,189.76200213676566,187.75472463510502,187.76460727588125,46505100,0.009278103358803635
2023-11-21,188.5062255859375,189.37638084971888,187.61630503925363,189.2676114417462,38134500,-0.00423078897858864
2023-11-22,189.16873168945312,190.77059476808083,188.69410838615653,189.34672485819107,39617700,0.0035145051653140413
2023-11-24,187.8437347412109,188.76331834061182,187.13179223741543,188.7336553269539,24048300,-0.007004312691684111
2023-11-27,187.66575622558597,188.53591159550703,186.78571821300812,187.79430602014355,40552600,-0.0009474817771811805
2023-11-28,188.26889038085935,188.9412871423915,187.28008315178343,187.6558347269926,38415400,0.0032138743231791
2023-11-29,187.2504425048828,189.93999969621768,186.85492560121705,188.76331653900834,43014200,-0.005409538845829842
2023-11-30,187.82395935058597,188.18982834207452,186.08366378848976,187.7151899349547,48794400,0.0030628330594637543
2023-12-01,189.09950256347656,189.4159130354433,187.11199034893104,188.1996843513192,45704800,0.006791163477230855
2023-12-04,187.30975341796875,187.92282418358675,185.35191925319242,187.85360043262926,43389500,-0.00946458938942496
2023-12-05,191.25511169433597,192.22413865175915,188.05137051787239,188.08104861869373,66628400,0.021063282634105063
2023-12-06,190.16744995117188,192.5801273781731,189.95979375458376,192.2735994925461,41089700,-0.005686968225468325
2023-12-07,192.09559631347656,192.81742141001197,191.42319951100376,191.46276025185608,47477700,0.010139202911958689
2023-12-08,193.5194854736328,193.79635031367135,191.50231010992096,192.02637677770835,53406400,0.007412398761253325
2023-12-11,191.01779174804688,191.3243346926335,189.27749628821252,190.9485830810774,60943700,-0.012927347959111879
2023-12-12,192.5306701660156,192.54055280703432,189.57413099725628,190.9189094878757,52696900,0.007920091652845684
2023-12-13,195.74429321289065,195.7838388648497,192.66910200901862,192.90640609677627,70404200,0.016691486318018978
2023-12-14,195.8926239013672,197.3857175620074,193.964452594447,195.8036348613561,66831600,0.0007577778439507021
2023-12-15,195.35867309570312,196.1793699091571,194.79504567055722,195.3191123528845,128538400,-0.0027257320619326064
2023-12-18,193.6974639892578,194.4291868327445,192.21425301938103,193.8952224343076,55751900,-0.008503380372733793
2023-12-19,194.73570251464844,194.74558515548247,193.69745188302565,193.96443406555753,40714100,0.005360103865108989
2023-12-20,192.64930725097656,195.46739869863922,192.64930725097656,194.69613029502625,52242800,-0.010713984321980896
2023-12-21,192.5010223388672,194.87416921268178,191.3342368191114,193.90514216040955,46482500,-0.0007697142243869859
2023-12-22,191.4330902099609,193.22282892375426,190.81013681243016,192.9953923922105,37149600,-0.005547669908091968
2023-12-26,190.88926696777344,191.71986154255086,190.67172813799795,191.44299668429173,28919300,-0.0028408006243383355
2023-12-27,190.98809814453125,191.33418668795235,188.95115779593849,190.33549688162287,48087700,0.0005177408784040605
2023-12-28,191.4133453369141,192.48125917871982,191.0079306668944,191.96707508718282,34049900,0.002226563835726836
2023-12-29,190.37506103515625,192.2241257878035,189.58401220758475,191.72972215657148,42672100,-0.00542430466345134
2024-01-02,183.5622100830078,186.3308738952772,181.83179708633995,185.05530386559408,82488700,-0.0357864675924664
2024-01-03,182.1877593994141,183.79952025374087,181.37693010719954,182.15809638511382,58414500,-0.0074876559994139225
2024-01-04,179.87393188476562,181.04071720671112,178.85546161628733,180.11123597031312,71983600,-0.012700235857096231
2024-01-05,179.152099609375,180.7144169560074,178.15340966673114,179.95304619735901,62379700,-0.004012989919256693
2024-01-08,183.4831085205078,183.52266926790074,179.46855267637324,180.051945452382,59144500,0.02417503853193015
2024-01-09,183.0677947998047,183.07767744176536,180.68476543102267,181.8614486084712,42841800,-0.002263498389862395
2024-01-10,184.1060333251953,184.31367440860302,181.8614365329183,182.2866315170422,46792900,0.005671333543543211
2024-01-11,183.5127410888672,184.9564063690912,181.5647895230864,184.4521049955326,49128400,-0.0032225572710057326
2024-01-12,183.8390655517578,184.64989484239166,183.11724039185432,183.97749798089004,40477800,0.001778211479782854
2024-01-16,181.57470703125,182.19764543114704,178.9049149905355,180.12115895148446,65603000,-0.012317069354719434
2024-01-17,180.6353302001953,180.88253205239923,178.28197882705663,179.2411232206481,47317400,-0.005173500463877989
2024-01-18,186.5187225341797,187.02300881659582,183.75005912545993,184.0071435872404,78005800,0.032570551549710114
2024-01-19,189.4159240722656,189.80155831594578,186.70660172518024,187.21088801676132,68903000,0.015533033353019032
2024-01-22,191.71983337402344,193.14371820043874,190.1080727596782,190.14763349819026,60133900,0.012163229216561877
2024-01-23,192.9954071044922,193.55903452389106,191.66052626402544,192.83720939883855,42355600,0.006653321714401139
2024-01-24,192.3230133056641,194.18197579456825,192.16480052192722,193.23271418014866,53631300,-0.0034839886032316247
2024-01-25,191.9967041015625,194.07320538533628,190.9485708187439,193.0349547434494,54822100,-0.0016966726887903683
2024-01-26,190.26629638671875,192.58010181757646,189.7916731135176,192.09559590318426,44594000,-0.009012694894639406
2024-01-29,189.58401489257807,190.04875551955823,187.4580852833725,189.86087972294905,47145600,-0.003585929337447835
2024-01-30,185.935302734375,189.65322753238257,185.37169046557113,188.80285272092348,55859400,-0.019245885051387357
2024-01-31,182.3360595703125,185.00585134318092,182.28663127585358,184.94651023142666,55467800,-0.019357502911667823
2024-02-01,184.7685394287109,184.85752846784007,181.76257176566293,181.93066720224104,64885400,0.013340640705578055
2024-02-02,183.76983642578125,185.2332669548565,177.24370243482153,177.84687547061628,102551700,-0.005405157209217415
2024-02-05,185.57933044433597,187.13176501057416,183.75992879401906,186.04407104136263,69668800,0.00984652353045723
2024-02-06,187.1812438964844,187.1911265388062,184.67956238073768,184.76855142564483,43490800,0.008631960511512604
2024-02-07,187.28997802734372,188.91162125480523,186.49892923853312,188.5062066759397,53439000,0.0005809029184540293
2024-02-08,186.2122039794922,187.418535043408,185.2530596605407,187.27021997882892,40962000,-0.005754574052511119
2024-02-09,186.9745330810547,188.10321111496148,186.13296840440984,186.77650719907678,45155200,0.004093872932444675
2024-02-12,185.2914276123047,186.79633688725167,184.93500212895557,186.54881961012742,41781900,-0.009001789928366088
2024-02-13,183.20236206054688,184.360756090923,181.68755769129083,183.92512331150874,56529500,-0.01127448570437306
2024-02-14,182.3211975097656,183.68749754312392,180.6281880058035,183.47959151637605,54630500,-0.004809788153768757
2024-02-15,182.0341033935547,182.65785175424014,179.54903541760635,181.727184392981,65434500,-0.0015746612030427265
2024-02-16,180.4994659423828,183.01424950876478,179.8658224253954,181.59844306951368,49752500,-0.00843049419071773
2024-02-20,179.75692749023438,180.61828269677792,178.21242224791314,179.98463913307552,53665600,-0.004113798610271058
2024-02-21,180.5094146728516,181.07374623255754,178.8658962581704,180.13318356154335,41371400,0.004186137319565075
2024-02-22,182.5390167236328,183.12316891523534,180.6479964148563,181.65785591778803,52292200,0.011243746230409135
2024-02-23,180.70741271972656,183.20237592421455,180.42028422645075,183.17267506039363,45119700,-0.010034041142444217
2024-02-26,179.3608856201172,180.94498679638724,178.85594081227745,180.43016184540704,40867400,-0.007451421495906274
2024-02-27,180.8163299560547,182.09351248592515,177.77681047698752,179.30152539649055,54318900,0.008114613902052703
2024-02-28,179.6183319091797,181.30144633523983,178.34114943443706,180.69750358801915,48953900,-0.006625496973454603
2024-02-29,178.9550018310547,180.75693496542868,177.74711623943745,179.46984202762675,136682600,-0.003692997652714025
2024-03-01,177.8758087158203,178.73716395290236,175.61845249589473,177.76690051629518,73563100,-0.006030527809740671
2024-03-04,173.36111450195312,175.14322688917085,172.06411122315788,174.40067502541135,81510100,-0.025381159172015333
2024-03-05,168.43055725097656,170.33148818677603,167.93552268101038,169.06420089624305,95132400,-0.02844096419858333
2024-03-06,167.44049072265625,169.53944760498507,167.00485787713032,169.3612273012443,68587700,-0.0058781882841189015
2024-03-07,167.32168579101562,169.03450118476172,166.81675596481475,167.47019012011697,71765100,-0.000709535257140459
2024-03-08,169.03448486328125,171.9749911536114,167.26226790901475,167.32166963491963,76267000,0.01023656356418079
2024-03-11,171.03443908691406,172.6482565736913,170.34139373001014,171.2225546353428,60139500,0.011831634386618939
2024-03-12,171.50965881347656,172.3017170819102,169.31170429451927,171.43045147590772,59825400,0.0027785031429898854
2024-03-13,169.4305419921875,171.4700820663792,169.06420612614593,171.05425482761498,52488700,-0.012122447421752391
2024-03-14,171.28195190429688,172.57893998999515,170.34138929390355,171.19284931228447,72913500,0.01092725013058593
2024-03-15,170.90573120117188,170.90573120117188,168.5988682774061,169.47013396047814,121752700,-0.0021964993914549424
2024-03-18,171.99478149414062,175.94516209588443,171.79677072295308,173.82641511894556,75604200,0.006372228042410333
2024-03-19,174.3313446044922,174.85607994565953,171.31163124958826,172.6086191723699,55215200,0.013585081419642764
2024-03-20,176.8956298828125,176.8956298828125,173.3511809805003,173.97492929704185,53423100,0.014709261172383803
2024-03-21,169.66812133789062,175.72735394947048,169.14338597139206,175.29172116809335,106181300,-0.040857473696268576
2024-03-22,170.56910705566406,171.33146450930536,168.37115239719608,170.05426688241553,71160100,0.005310282866745064
2024-03-25,169.15328979492188,170.23246134793257,167.76718417070535,168.8760716915293,54288300,-0.00830054917435985
2024-03-26,168.02462768554688,169.71763732680742,167.8959138727621,168.31174106723407,57388400,-0.006672421865063116
2024-03-27,171.58885192871094,171.87598039200594,168.42063422483255,168.7176579392829,60273300,0.02121251088164522
2024-03-28,169.7770233154297,170.51957504542207,168.8166552027259,170.04434616825796,65672700,-0.010559127780830457
2024-04-01,168.3414306640625,169.54931605122675,167.79688969325008,169.48991432845702,46240500,-0.00845575345434102
2024-04-02,167.16326904296875,167.65830361021796,166.55932626663449,167.40089107386055,49329500,-0.006998643271868499
2024-04-03,167.9652099609375,168.98497988400436,166.90584392266877,167.11374996517486,47691700,0.004797351251623505
2024-04-04,167.14346313476562,170.21266810452119,167.14346313476562,168.59885072968464,53704400,-0.0048923632838192566
2024-04-05,167.89590454101562,168.69785802201392,167.27215623034843,167.90579979250484,42104800,0.00450176986965567
2024-04-08,166.77711486816406,167.51966659518817,166.5692088446593,167.35135668326646,37425500,-0.006663591204979391
2024-04-09,167.98501586914062,168.39094781013864,166.67813256359855,167.02464767080627,42373800,0.00724260640874741
2024-04-10,166.11376953125,167.41075745661644,165.4504251384005,167.12364410431726,49709300,-0.011139364592781975
2024-04-11,173.30169677734375,173.7175391133101,166.49003132152566,166.66823651643443,91070300,0.043271110314196504
2024-04-12,174.79669189453125,176.5887144383463,172.47993396851362,172.52942533467058,101670900,0.008626546335020802
2024-04-15,170.97503662109375,174.8759113224836,170.7869210734751,173.61851932570818,73531800,-0.021863430205781076
2024-04-16,167.6979217529297,172.03441446797186,166.59894436401518,170.0443808641566,73711200,-0.019167212552945068
2024-04-17,166.3315887451172,168.9552655008738,166.3315887451172,167.9256004082147,50901200,-0.008147584618404036
2024-04-18,165.38111877441406,166.96523521407434,164.8959946340493,166.36129252101995,43122900,-0.005714308255418632
2024-04-19,163.3614044189453,164.7474951408098,162.4505426435407,164.55939469854349,68149400,-0.012212484535333856
2024-04-22,164.1930389404297,165.59893510418706,163.13367296874276,163.8762247169617,48116400,0.005090765009289511
2024-04-23,165.24252319335938,165.39104261951863,163.28219064755024,163.70792820716713,49537800,0.006391770684690545
2024-04-24,167.34146118164062,167.61867928406764,164.55936979904956,164.8860792640679,48251800,0.012702166171991713
2024-04-25,168.2028350830078,168.9156860278579,166.4801094484109,167.84640961058278,50558300,0.0051474027732565375
2024-04-26,167.61868286132812,169.63841695172266,167.49986430971396,168.19292468782604,44838400,-0.0034729035416758425
2024-04-29,171.77699279785156,174.28186646983917,171.38097119165224,171.64827897757164,68169400,0.024808153038427205
2024-04-30,168.63848876953125,173.25221487057408,168.31176412042663,171.60869637165644,65934800,-0.01827080552058402
2024-05-01,167.61868286132812,170.9948217396029,167.43056733625505,167.8959009696714,50383100,-0.006047290364400992
2024-05-02,171.31163024902344,171.69775653757537,169.19288328746214,170.79679016186972,94214900,0.022031836336230626
2024-05-03,181.55886840820312,185.14291355827163,180.84601747897057,184.7963833456082,163224100,0.05981636007014823
2024-05-06,179.90545654296875,182.3707188474722,178.62825898838415,180.53910014061182,78569700,-0.009106753526999078
2024-05-07,180.58859252929688,183.06376520709566,179.51933122687228,181.6281680754234,77305800,0.003797194367837209
2024-05-08,180.9252471923828,181.25197183429347,179.64804949152685,181.03415540635302,45057100,0.0018642078016712915
2024-05-09,182.737060546875,182.82616313989396,180.30148392023486,180.74701199258516,48983000,0.010014154368216177
2024-05-10,181.4779510498047,183.50042466657956,180.56585391849484,183.3120539854214,50759500,-0.006890279909845254
2024-05-13,184.68019104003903,185.4931559868038,183.03444380225457,183.84740874901934,72044800,0.017645339126379778
2024-05-14,185.82034301757807,186.6828817403559,184.6901339480471,185.89965779253163,52393600,0.00617365604355391
2024-05-15,188.09068298339844,189.01268886802714,185.76085876781028,186.2962297111884,70400000,0.012217930119769571
2024-05-16,188.2096405029297,189.458829238671,188.03119361367854,188.83423487080034,52845200,0.000632447698335703
2024-05-17,188.2393798828125,189.1713095252472,187.55530322495105,187.8824709799172,41282900,0.00015801199026443946
2024-05-20,189.3993225097656,190.27176982167657,187.38675756521698,187.7040166341828,44361300,0.006162061454278112
2024-05-21,190.69808959960935,191.07481584379752,189.28036268210627,189.44890089382775,42309400,0.006857295330487734
2024-05-22,189.2605133056641,191.16403734183464,188.63593413629764,190.6187578068766,34648500,-0.007538493421531345
2024-05-23,185.2750701904297,189.35968258649532,185.02721720275102,189.3398501117122,51005900,-0.021057974775740673
2024-05-24,188.34841918945312,188.94327235106317,186.4250777783575,187.19839293954828,36327000,0.016588033111333278
2024-05-28,188.35836791992188,191.3425125399711,187.4760118609873,189.86530324069457,52280100,5.2820886480287044e-05
2024-05-29,188.65577697753903,190.59895109353056,187.8824768517226,187.98162409974876,53068000,0.0015789532522578753
2024-05-30,189.6471710205078,190.52952698465035,188.99285067972127,189.12172393667825,49889100,0.005255042060476223
2024-05-31,190.5989532470703,190.9162123421418,188.27905284340878,189.7959119633218,75158300,0.005018699838446716
2024-06-03,192.36366271972656,193.31542486412093,190.86663609575578,191.24336235629542,50080500,0.009258757420187225
2024-06-04,192.6809234619141,193.64259428823095,191.3722523931234,192.96842627855952,47471400,0.0016492758440027622
2024-06-05,194.18783569335935,195.20898869639487,193.19642383583022,193.7218709101011,54156800,0.0078207650470552
2024-06-06,192.80979919433597,194.8124556459051,192.5024638984892,194.0094143560484,41181800,-0.007096409999643005
2024-06-07,195.19911193847656,195.2486855650071,192.47272888451312,192.978343568532,53103900,0.012392071119437187
2024-06-10,191.4614715576172,195.60558138834554,190.49980075281104,195.20900753042525,97010200,-0.01914783496575234
2024-06-11,205.37095642089844,205.3808802210458,191.96707924808354,191.98689659289002,172373300,0.07264900217324088
2024-06-12,211.2401580810547,218.3089152196564,205.1231328450552,205.58909768640683,198134300,0.028578537892804956
2024-06-13,212.4000701904297,214.88850837078886,209.78274363476027,212.8957760920924,97862700,0.005490964028392442
2024-06-14,210.6651611328125,213.3221382813042,209.4853783214494,212.01348218469204,70122700,-0.0081681190409294
2024-06-17,214.8092193603516,217.06963733267014,210.8931452933454,211.5375569916551,93728300,0.019671303053885092
2024-06-18,212.4496612548828,216.75240063817128,211.1707464886947,215.72132373307375,79943300,-0.01098443592176801
2024-06-20,207.87924194335935,212.4000929584359,207.05638337080816,212.0927425591543,86172500,-0.02151295174832113
2024-06-21,205.70806884765625,210.07027533194446,205.33132746963062,208.58315742215362,241805100,-0.0104443958685142
2024-06-24,206.3524932861328,210.87332959032133,204.8158016590104,205.93610206103614,80727000,0.003132713471506232
2024-06-25,207.27452087402344,209.56468024841507,206.8184646829133,207.35382052419757,55549700,0.004468216367088607
2024-06-26,211.4185943603516,213.01476817493463,208.8310086144187,209.68362348048936,66213200,0.019993163987805485
2024-06-27,212.26129150390625,213.88720639689362,210.52632069800987,212.84622088780682,49772700,0.003985917823851937
2024-06-28,208.81118774414065,214.2143951724623,208.49394377490637,213.91696855097956,82542700,-0.016254041117535145
2024-07-01,214.88853454589844,215.64200216221636,210.10001313722785,210.26855134899324,60402900,0.029104507605236307
2024-07-02,218.3782958984375,218.48735180877674,213.2526983679821,214.293668724795,58046200,0.0162398676128237
2024-07-03,219.6472930908203,219.6472930908203,217.1489310533617,218.11060173486678,37369800,0.00581100418959668
2024-07-05,224.39614868164065,224.5052045874235,219.74642480522968,219.74642480522968,60412400,0.02162036929294997
2024-07-08,225.8634796142578,225.89322076278884,221.3327197032473,225.13973799267995,59085900,0.006539020126851369
2024-07-09,226.7160797119141,227.42989753320916,224.4259205051531,225.97252074204383,48076100,0.0037748470851171056
2024-07-10,230.97915649414065,231.0783037422216,227.28119408246098,227.3307677065015,62627700,0.018803592527021573
2024-07-11,225.61561584472656,230.39421338925845,223.83107137940016,229.40280147827102,64710600,-0.023220885948426084
2024-07-12,228.56008911132807,230.64206011910093,226.71606240173486,226.9540066999144,53046500,0.013050839834721106
2024-07-15,232.3869781494141,235.19267606238645,231.08823078613918,234.44911702590872,62631300,0.016743470187492004
2024-07-16,232.8033447265625,234.24088892580107,230.3347237014565,232.98179160349451,43234300,0.0017916949584013686
2024-07-17,226.9143524169922,229.47219684306242,224.6935843942369,227.47944931340314,57345900,-0.02529599528085469
2024-07-18,222.25473022460935,228.46097889584826,220.36114484151935,228.3023493485251,66034600,-0.020534717803217806
2024-07-19,222.3836212158203,224.85224251867803,221.36246807560826,222.88925101284036,49151500,0.000579924625589312
2024-07-22,222.03662109375,225.82380677595344,221.174082433242,225.06041535891617,48201800,-0.0015603672616408826
2024-07-23,223.0776214599609,224.99105459605977,220.7676295522315,222.4431183487035,39960300,0.004688417438001746
2024-07-24,216.6631774902344,222.86942645430565,215.2652980307627,222.07629380801336,61777600,-0.02875431398159234
2024-07-25,215.62217712402344,218.95332167523742,212.77681471652627,217.0497975364767,51391200,-0.0048046944490965915
2024-07-26,216.08816528320312,217.60502442671483,214.15489978899527,216.82180047841348,41601300,0.002161132799024079
2024-07-29,216.36575317382807,217.41664743865044,213.8971319294418,215.09674706599597,36311800,0.001284604782779919
2024-07-30,216.9208984375,218.4377572363312,214.26390702580838,217.3075484229326,41643800,0.0025657723347092265
2024-07-31,220.1727600097656,221.89782218872546,218.7352157578384,219.53825698895486,50036300,0.01499100176925805
2024-08-01,216.48471069335935,222.55214689360594,215.15622233135366,222.44309097566543,62501000,-0.01675070665527678
2024-08-02,217.97183227539065,223.66254232334134,215.84030263063204,217.2679231335739,105568600,0.006869406976909964
2024-08-05,207.4727935791016,211.6664621054212,194.3167520967801,197.3802115476467,119548600,-0.04816695160420703
2024-08-06,205.4502868652344,208.18659343179937,199.34320096724198,203.53686913101606,69660500,-0.00974829845868963
2024-08-07,208.0180511474609,211.80523672133984,204.61750047992084,205.12311510057037,63516400,0.012498226804184664
2024-08-08,211.47808837890625,212.36044444161047,207.0365669160157,211.27980900719393,47161100,0.01663335086719253
2024-08-09,214.3829345703125,214.91829038971974,210.1496011292121,210.27848952903548,42201600,0.013735920414608804
2024-08-12,215.9114532470703,217.8767166928247,213.99582080224636,214.46232494953352,38028100,0.007129852382240287
2024-08-13,219.6236267089844,220.2390087017958,217.38043273085663,217.38043273085663,44155300,0.017193036340069412
2024-08-14,220.0703125,221.37056313371255,218.06533789669703,218.92887503482297,41960600,0.0020338694780206446
2024-08-15,223.0479431152344,223.67326036559285,221.10252008370475,222.92884083716766,46414000,0.013530360280805231
2024-08-16,224.3680725097656,225.14226768918678,221.98592068094572,222.25391598005478,44340200,0.00591859030885189
2024-08-19,224.2092742919922,224.30853630427512,221.38047353975193,224.04054098731652,40687800,-0.000707757641259299
2024-08-20,224.82464599609372,225.47973889834265,223.7725353535306,224.0901616619868,30299000,0.0027446309080869646
2024-08-21,224.7154693603516,226.28371522001356,223.37552309496598,224.8345868015738,34765500,-0.00048560795129204415
2024-08-22,222.859375,226.64102413052154,222.2340576918725,226.09511339685906,43695300,-0.008259753392300673
2024-08-23,225.15219116210935,226.52192810531062,222.66087229355688,223.98097823318813,38677300,0.010288174603870104
2024-08-26,225.48963928222656,225.58890128123517,222.22412549030662,225.07276614784877,30602200,0.0014987556566761207
2024-08-27,226.3333282470703,227.14723425887112,223.21669220638537,224.31843379232603,35934600,0.0037415863874250554
2024-08-28,224.80479431152344,228.14971479709,224.0008084384826,226.22414704916858,38052200,-0.006753463784521796
2024-08-29,228.08026123046875,231.18697758967758,227.1770435151196,228.38796742499142,51906300,0.014570271639342103
2024-08-30,227.29612731933597,228.68570457235603,225.78743262658827,228.4772755570311,52990800,-0.0034379735751900453
2024-09-03,221.11248779296875,227.2961293418145,219.52438650802387,226.84948058831634,50190600,-0.027205212861720285
2024-09-04,219.20675659179688,220.1298295937355,215.86182100754215,220.01072730838987,43840200,-0.008618831166859464
2024-09-05,220.7253875732422,223.80231295165626,219.87178579311316,219.9809679444758,36615400,0.006927847503684692
2024-09-06,219.17698669433597,223.56409767944487,218.13479623481732,222.28368749781316,48423000,-0.00701505565775673
2024-09-09,219.26632690429688,219.6236489368284,215.09757995493325,219.17700018247805,67180000,0.00040761674529954384
2024-09-10,218.4722595214844,219.83206111139577,215.1174037589381,217.29111136152258,51591000,-0.0036214743687436046
2024-09-11,221.00328063964844,221.43007391385896,216.2687680395375,219.81221238330573,44587100,0.011585091506389311
2024-09-12,221.11248779296875,221.8866830044339,218.1844402475294,220.84449248276735,37455600,0.0004941426797115955
2024-09-13,220.844482421875,222.37301734416337,220.25887596851652,221.91644846858938,36766600,-0.001212077046253035
2024-09-16,214.71047973632807,215.60377723416104,212.32832783334672,214.92882889414335,59357400,-0.027775213662930787
2024-09-17,215.177001953125,215.28618412149763,212.90404699642423,214.14474657099547,45519300,0.002172796676574995
2024-09-18,219.0479736328125,221.05294820219595,215.92140190435074,215.93133719300198,59894900,0.017989709144338617
2024-09-19,227.16709899902344,228.11004268622213,222.95865620671253,223.31597824995185,66781300,0.03706551232389366
2024-09-20,226.5020751953125,231.3556905514529,225.92638886705737,228.2589097535001,318679900,-0.0029274653180026977
2024-09-23,224.78494262695312,227.742765583781,224.12984974700805,225.64846451262724,54146000,-0.007581089784182704
2024-09-24,225.67823791503903,227.64351653597865,224.05044101841318,226.94871280288095,43556100,0.003973999671180728
2024-09-25,224.68569946289065,225.59885242729763,222.3531936181764,223.2564112941643,42308700,-0.004398024644813314
2024-09-26,225.8271484375,226.79985253593196,223.73284722402752,225.608784129346,36636700,0.005080203045133569
2024-09-27,226.09510803222656,227.81224676693589,225.60876359989413,226.76013618443497,34026000,0.0011865694473873756
2024-09-30,231.2663726806641,231.26637268066406,227.94129216556473,228.32838978012126,54541900,0.022872076682439513
2024-10-01,224.52688598632807,227.9412778656533,222.07526286618742,227.81225543239978,63285000,-0.02914166299327059
2024-10-02,225.0926513671875,225.67825786117984,221.36063294746157,224.2092739820147,32880600,0.0025198112839541764
2024-10-03,223.9908905029297,225.12240767637772,221.65838486968212,223.46483520314058,34044200,-0.004894699394075497
2024-10-04,225.1125030517578,226.30357145139808,222.46237094034984,226.20430944090455,37245100,0.005007402516726156
2024-10-07,220.04052734375,224.01076551273388,219.68320530273118,222.8296172342201,39505400,-0.022530848527954284
2024-10-08,224.09014892578125,224.29857792676054,221.58889489724396,222.63108533790577,31855700,0.01840398053448067
2024-10-09,227.8321075439453,228.04055170887608,223.1571606453159,223.554178398676,33591100,0.016698452101093553
2024-10-10,227.33583068847656,227.7924147414137,225.47974919262126,226.08521111865923,28183500,-0.002178256878798468
2024-10-11,225.8569183349609,227.70307961960657,225.6484741750507,227.5938974682738,31759200,-0.006505408096193377
2024-10-14,229.5790252685547,230.00581860221664,226.89911753216435,226.99836439928595,39882100,0.016479933229557542
2024-10-15,232.1100311279297,235.72294688412148,230.64103225198252,231.87181141001133,64751400,0.01102455181353923
2024-10-16,230.0554351806641,230.3929017691756,228.12986736523644,229.87678174389526,34082200,-0.008851818843336412
2024-10-17,230.4226837158203,232.11004699556463,228.8048220166126,231.69315867439417,32993800,0.0015963480057221702
2024-10-18,233.25148010253903,234.4226930307779,232.26884075534687,234.4226930307779,46431500,0.012276553423913095
2024-10-21,234.720458984375,235.08771628667242,232.7055644739604,232.7055644739604,36254500,0.006297833056365665
2024-10-22,234.1050720214844,234.46239402859047,230.8693336731526,232.14972869721714,38846600,-0.002621786637404089
2024-10-23,229.0430145263672,233.3904297884605,226.06533615950997,232.33831918874512,52287000,-0.021623015047929628
2024-10-24,228.85446166992188,229.10260155629064,226.710529416834,228.26884002769643,31109500,-0.0008232202882729744
2024-10-25,229.6881866455078,231.48471683213373,227.86188088691335,228.03061417648678,38802300,0.0036430357070704744
2024-10-28,231.6633758544922,232.98348177622344,230.81970938626554,231.5839844241638,36087100,0.008599437514968056
2024-10-29,231.93136596679688,232.5864588417728,230.59141979007921,231.36561495313973,35417200,0.001156808284072497
2024-10-30,228.387939453125,231.7328600109945,227.8420287171323,230.87925826342104,47070900,-0.015277909906239895
2024-10-31,224.2291259765625,228.11995749798112,223.69313535160188,227.63359787833264,64370100,-0.01820942684854887
2024-11-01,221.25143432617188,223.67328184782377,218.6310779402587,219.32586653780092,65276700,-0.013279682723741582
2024-11-04,220.35812377929688,221.13231895883285,218.0752491010658,219.34572401852256,44944500,-0.0040375356191276746
2024-11-05,221.7874298095703,222.28370958768312,219.49461965793014,220.14971259990074,28111300,0.006486286984840106
2024-11-06,221.06283569335935,224.38791581537038,219.54422098922427,220.95365355112233,54561100,-0.0032670657522525515
2024-11-07,225.7874298095703,226.18446269494834,222.89909318788202,222.95864433437472,42137700,0.02137217728792984
2024-11-08,225.51914978027344,227.20835428792034,224.9726384261151,225.72780810336752,38328800,-0.0011881973656511224
2024-11-11,222.80645751953125,224.26712634517858,220.0937933412938,223.5715733715174,42005600,-0.012028655940682698
2024-11-12,222.80645751953125,224.15782408060912,221.94198562097503,223.1244332571579,40398300,0.0
2024-11-13,223.6908264160156,225.2111120360391,221.34580821096,222.58787261698694,48566200,0.003969224708879171
2024-11-14,226.7711334228516,227.41700079571672,223.5715745650122,223.5914518391994,44923900,0.013770376980535293
2024-11-15,223.5715789794922,225.4793879673537,222.84621765747355,224.96268496170848,47923700,-0.014109178690716817
2024-11-18,226.5724334716797,228.28151537171908,223.74052045447314,223.82001439888424,44633700,0.013422343331317421
2024-11-19,226.8307647705078,228.6988344551977,225.22105418122663,225.53901477922054,36211800,0.0011401709151894757
2024-11-20,227.54620361328125,228.4702922716314,224.45594670445817,226.61216873586113,35169600,0.003154064412282276
2024-11-21,227.0692596435547,228.6988476019872,224.27710117470866,227.42697481306035,42108300,-0.0020960313209054116
2024-11-22,228.41065979003903,229.25526960886552,226.6121530455377,226.6121530455377,38168300,0.005907449333256487
2024-11-25,231.39163208007807,231.76922452168117,228.2815130321861,229.99059491471002,90152800,0.013050933317994895
2024-11-26,233.56773376464844,234.07450576495518,231.8487208075284,231.8487208075284,45986200,0.009404409593417373
2024-11-27,233.43853759765625,234.1937224347506,232.32565277909848,232.9814664022851,33498400,-0.00055314218667879
2024-11-29,235.8233184814453,236.3002669685808,232.48464874765904,233.31931239062584,28481400,0.010215883411244464
2024-12-02,238.0689392089844,239.26131787624368,235.65437354492806,235.76367580720535,48137100,0.00952247106859283
2024-12-03,241.10952758789065,241.21882985808793,237.3833345065081,238.28756099978403,38861000,0.012771881913739014
2024-12-04,241.4672393798828,242.5602620666903,239.71841824290905,241.32812877991805,44383900,0.001483607037725987
2024-12-05,241.49703979492188,242.9875169579372,240.59282850575005,242.44102079436578,40033900,0.00012341390540426822
2024-12-06,241.2983245849609,243.0769692456264,240.5431549096241,241.36788746709487,36870600,-0.0008228473944430492
2024-12-09,245.1835021972656,245.67039687977774,240.21524480725012,240.29473874492055,44649200,0.016101137954386058
2024-12-10,246.197021484375,246.63423054379348,243.78244060146582,245.32260336553807,36914800,0.004133717309796614
2024-12-11,244.92515563964844,249.2077910379196,244.69660488558225,246.38582450957213,45205800,-0.00516604887036487
2024-12-12,246.3858184814453,247.1608653940442,244.1202792424049,245.32260415969785,32777500,0.005963710987473725
2024-12-13,246.55474853515625,247.70737273801882,244.67674782957272,246.24671899982582,33155300,0.000685632211919085
2024-12-16,249.4462738037109,249.7841268474892,246.07779571830554,246.4156487620838,51694800,0.011727720864164848
2024-12-17,251.8707733154297,252.21855739876366,248.19426586582333,248.49236434269267,51356400,0.009719525871236812
2024-12-18,246.47525024414065,252.66569465886903,246.16722071424974,250.559158393614,56774100,-0.02142179102508235
2024-12-19,248.20420837402344,250.4001849209636,245.52135228225407,245.92875304737495,60882300,0.007014733236583304
2024-12-20,252.87435913085935,253.3811159043778,244.13022347118752,246.46529524609687,147495300,0.018815759762615958
2024-12-23,253.64942932128903,254.02700659111463,251.84097626600598,253.15260355822258,40858800,0.003065040651387685
2024-12-24,256.560791015625,256.57070690893096,253.66924678278625,253.86798918256417,23234700,0.011477895700874097
2024-12-26,257.3756103515625,258.44877099351584,255.99445048269988,256.5508929178466,27237100,0.003175930868906107
2024-12-27,253.96739196777344,257.05766400729357,251.45345479939442,256.19316170058187,42355300,-0.013242196411437757
2024-12-30,250.59890747070312,251.890657464443,249.15811581542044,250.6287158030117,35557500,-0.013263452725055913
2024-12-31,248.8302154541016,251.6720594492945,247.84649497663966,250.83739579916153,39480700,-0.007057860045971309
